img_id,split,global_acc,bg_precision,bg_recall,bg_f1,bg_dice,bg_boundary_f1,crop_precision,crop_recall,crop_f1,crop_dice,crop_boundary_f1,weed_precision,weed_recall,weed_f1,weed_dice,weed_boundary_f1,weed_gt_count,weed_pred_count,weed_hit,weed_miss,weed_false_pos,weed_det_rate,weed_fa_rate,weed_centroid_dist,weed_size_ratio,crop_gt_count,crop_pred_count,crop_det_rate,crop_fa_rate
bonirob_2016-05-17-11-42-26_14_frame26_crop,val,0.9957275390621202,0.9977278657590182,0.9977759310775502,0.9977518478394166,0.9977518478394166,0.8732126951217651,0.9613459613385589,0.9566316757263302,0.9589829748028318,0.9589829748028318,0.8843168020248413,0.0,0.0,0.0,0.0,0.0,0,1,0,0,1,0.0,0.9999999000000099,nan,nan,2,2,0.9999999500000026,0.0
bonirob_2016-05-10-11-39-31_15_frame252_vflip,val,0.9914703369136842,0.9950695538155698,0.9962985691421861,0.9956836322223833,0.9956836322223833,0.8911102414131165,0.8868729988381139,0.8567010308395154,0.8715259069240969,0.8715259069240969,0.8166065216064453,0.7489038292677901,0.6913113869214433,0.7189560325629402,0.7189560325629402,0.7115592360496521,17,33,17,0,2,0.9999999941176471,0.06060606042240588,16.582780180077695,0.7262453921986685,1,3,0.9999999000000099,0.0
bonirob_2016-05-23-10-42-16_1_frame80_crop,val,0.9797363281246263,0.9890137272783549,0.9915949141195666,0.9903025887601304,0.9903025887601304,0.8591334819793701,0.9691799320021314,0.9403477403016821,0.954546115770177,0.954546115770177,0.8463118076324463,0.6844676549749922,0.7312814974670396,0.7071005417583436,0.7071005417583436,0.6933609247207642,5,21,5,0,3,0.9999999800000003,0.14285714217687073,31.59111523075989,0.2854255809515266,3,4,0.9999999666666678,0.0
bonirob_2016-05-23-10-57-33_4_frame241_noise,val,0.9964561462398542,0.9987073266298798,0.9975427496989979,0.9981246484676829,0.9981246484676829,0.8723551630973816,0.9386606639876949,0.9608294930322102,0.9496156630185058,0.9496156630185058,0.8947306275367737,0.960992354493985,0.9799522672953066,0.9703796569452937,0.9703796569452937,0.8919236660003662,3,3,3,0,0,0.9999999666666678,0.0,0.37995604240887576,0.916156859724877,1,1,0.9999999000000099,0.0
bonirob_2016-05-18-10-59-09_4_frame152_vflip,val,0.9833412170406405,0.9938723939299575,0.9883648232796955,0.9911109073175175,0.9911109073175175,0.8051416873931885,0.9592210767248747,0.9472850678518714,0.9532156585744561,0.9532156585744561,0.8784668445587158,0.7903603181969243,0.8887914400904333,0.8366908352375628,0.8366908352375628,0.7960802316665649,6,10,5,1,2,0.8333333194444447,0.19999999800000004,14.40477753265182,0.8220639555352147,2,3,0.9999999500000026,0.0
bonirob_2016-05-23-10-42-16_1_frame212,val,0.9836273193355622,0.9891678687337769,0.9914650786617969,0.9903150915041605,0.9903150915041605,0.8715050220489502,0.9754734554455899,0.9742635658884519,0.9748680852746886,0.9748680852746886,0.8800012469291687,0.8642204101697033,0.8164098972827216,0.8396350478577804,0.8396350478577804,0.6887536644935608,9,31,9,0,3,0.9999999888888891,0.09677419323621228,32.14713445546628,0.5106811934001023,2,4,0.9999999500000026,0.24999999375000015
bonirob_2016-05-10-11-39-31_15_frame256_hue,val,0.9888153076168102,0.9935143028945523,0.9950295645096847,0.9942713063908319,0.9942713063908319,0.8796527981758118,0.8721580320211645,0.8790383170218243,0.8755846085274133,0.8755846085274133,0.8254964351654053,0.7237272997700588,0.6448275861897924,0.6820030361338716,0.6820030361338716,0.6896541714668274,17,39,16,1,2,0.9411764650519031,0.05128205115055884,18.99819422921352,0.5560013432537502,2,7,0.9999999500000026,0.0
bonirob_2016-05-23-10-57-33_4_frame50_hue,val,0.978694915771111,0.9881114041154568,0.9874323135307331,0.9877716921048505,0.9877716921048505,0.844083309173584,0.8842802369855601,0.8736225895015971,0.8789190561553512,0.8789190561553512,0.8069468140602112,0.9180677014394847,0.9237912783682702,0.9209205468964784,0.9209205468964784,0.7486046552658081,10,14,7,3,2,0.6999999930000002,0.1428571418367347,12.056571559150436,0.9708157046995731,1,3,0.9999999000000099,0.3333333222222226
bonirob_2016-05-23-11-02-39_5_frame34_rot15,val,0.9956474304195421,0.9977229989889954,0.9974125289860706,0.9975676898308763,0.9975676898308763,0.8802948594093323,0.9783813144994445,0.9806184668953956,0.9794985632979468,0.9794985632979468,0.9084861278533936,0.0,0.0,0.0,0.0,0.0,0,0,0,0,0,0.0,0.0,nan,nan,2,2,0.9999999500000026,0.0
bonirob_2016-05-23-10-57-33_4_frame93_brightness,val,0.9968261718746197,0.9986295503207918,0.9979782746037059,0.998303756242083,0.998303756242083,0.8883411884307861,0.9707702280572175,0.9800107085431613,0.9753685330967762,0.9753685330967762,0.9135419130325317,0.0,0.0,0.0,0.0,0.0,0,0,0,0,0,0.0,0.0,nan,nan,2,2,0.9999999500000026,0.0
bonirob_2016-05-23-10-52-28_3_frame37,val,0.9952697753902453,0.9976236354465269,0.9975300632721982,0.9975767971651102,0.9975767971651102,0.8570906519889832,0.9530669144538538,0.9557315936180927,0.9543973440924967,0.9543973440924967,0.9110878109931946,0.8717081420422395,0.875515651519643,0.8736076981631069,0.8736076981631069,0.7849768996238708,8,9,7,1,1,0.8749999890625002,0.11111110987654323,2.4593131774842623,0.9427800563248248,1,1,0.9999999000000099,0.0
bonirob_2016-05-23-10-57-33_4_frame25_brightness,val,0.9880294799800918,0.9928094012485813,0.9966112421836272,0.9947066390017745,0.9947066390017745,0.8333833813667297,0.8852755194085324,0.9394471960226962,0.9115571936544641,0.9115571936544641,0.813829243183136,0.8827853787853219,0.6932328415539892,0.7766100288553843,0.7766100288553843,0.6112611293792725,7,12,4,3,2,0.5714285632653062,0.1666666652777778,15.305663651748137,0.6319682799967399,3,5,0.9999999666666678,0.19999999600000007
_2016-05-27-10-26-48_5_frame104_vflip,val,0.996925354003526,0.9986946782398338,0.9979878530511398,0.9983410905375127,0.9983410905375127,0.899188756942749,0.9746527057797291,0.9834205020869068,0.9790169238582422,0.9790169238582422,0.9108399152755737,0.0,0.0,0.0,0.0,0.0,0,0,0,0,0,0.0,0.0,nan,nan,2,3,0.9999999500000026,0.3333333222222226
bonirob_2016-05-23-10-52-28_3_frame108_hflip,val,0.9641304016109603,0.9787005144456739,0.9796503511994064,0.9791751524782697,0.9791751524782697,0.8157030940055847,0.9155667295106267,0.938977223883337,0.9271241676707775,0.9271241676707775,0.8330295085906982,0.8583295913753243,0.8438983113173029,0.8510527280358717,0.8510527280358717,0.7234604358673096,13,60,13,0,6,0.9999999923076924,0.09999999983333333,34.036277557907354,0.5407796392677807,2,3,0.9999999500000026,0.3333333222222226
bonirob_2016-05-23-10-42-16_1_frame100_rot_minus15,val,0.982860565185172,0.9897428213918705,0.9922259074168528,0.9909827589519983,0.9909827589519983,0.837095320224762,0.9472307692161964,0.9694536293344441,0.9582133186012581,0.9582133186012581,0.8537965416908264,0.8140310523195625,0.7480448108143305,0.7796441644332287,0.7796441644332287,0.7585998773574829,7,21,6,1,6,0.8571428448979593,0.28571428435374147,23.199581735562216,0.4913408167155495,3,4,0.9999999666666678,0.24999999375000015
bonirob_2016-05-23-10-42-16_1_frame281,val,0.9876213073726702,0.993269458862485,0.9936809672822151,0.99347512045952,0.99347512045952,0.8480508923530579,0.9568886442678979,0.9808198570706879,0.9687064222711873,0.9687064222711873,0.8853719234466553,0.8324974924669948,0.8085728202531834,0.820360711058068,0.820360711058068,0.7407347559928894,14,25,12,2,4,0.8571428510204082,0.15999999936,6.282525516776327,0.7135883915400568,1,1,0.9999999000000099,0.0
bonirob_2016-05-23-11-02-39_5_frame303_rot15,val,0.9953384399410266,0.9979330055288135,0.997211574744892,0.9975721097046161,0.9975721097046161,0.8824074864387512,0.9578638678660617,0.963963963948991,0.9609041847150545,0.9609041847150545,0.9063271284103394,0.8951612903007048,0.9271070614799518,0.9108541088886539,0.9108541088886539,0.8609338402748108,3,5,3,0,0,0.9999999666666678,0.0,11.538208575144969,0.697495328526391,2,3,0.9999999500000026,0.0
bonirob_2016-05-23-10-52-28_3_frame36,val,0.9890594482418102,0.9951656259042243,0.9929891887426785,0.994076166048397,0.994076166048397,0.8406563997268677,0.9628391510459237,0.9690165088727876,0.9659179035103723,0.9659179035103723,0.8869408369064331,0.8365680631664226,0.8899330770199355,0.8624257814143733,0.8624257814143733,0.8044074177742004,4,7,4,0,3,0.9999999750000006,0.42857142244897967,1.7163321815940555,1.0041370590813181,2,3,0.9999999500000026,0.0
_2016-05-27-10-26-48_5_frame138,val,0.9919128417964966,0.99639247198097,0.9946509389350029,0.995520893812818,0.995520893812818,0.8548722863197327,0.9506888767768713,0.9662579113885829,0.9584101198900729,0.9584101198900729,0.8761655688285828,0.0,0.0,0.0,0.0,0.0,0,0,0,0,0,0.0,0.0,nan,nan,4,7,0.9999999750000006,0.0
bonirob_2016-05-18-10-59-09_4_frame55_crop,val,0.9871444702144672,0.9921147822568487,0.9942525709513861,0.9931824762277142,0.9931824762277142,0.8436238765716553,0.9672582619240385,0.9472580161727373,0.9571536214568127,0.9571536214568127,0.8830108642578125,0.7766022380309949,0.7284351144899154,0.7517478574711717,0.7517478574711717,0.7623515725135803,3,20,3,0,9,0.9999999666666678,0.44999999775,29.198867264571344,0.10313851925721025,2,2,0.9999999500000026,0.0
bonirob_2016-05-23-10-42-16_1_frame54,val,0.9836959838863435,0.991902557250106,0.981726256742106,0.9867881217977652,0.9867881217977652,0.7747356295585632,0.9513917739793465,0.9519190799369278,0.9516553039139605,0.9516553039139605,0.8693951964378357,0.9721300314856479,0.9896474053528225,0.9808104591469222,0.9808104591469222,0.846916675567627,1,1,1,0,0,0.9999999000000099,0.0,0.6576257252040626,1.0180195789645043,2,2,0.9999999500000026,0.0
bonirob_2016-05-23-11-07-45_6_frame259_noise,val,0.9944572448726675,0.9973243492719605,0.9964977600961431,0.9969108333423813,0.9969108333423813,0.8642752170562744,0.9695502753003601,0.9765875083712626,0.9730561185211634,0.9730561185211634,0.8854032754898071,0.0,0.0,0.0,0.0,0.0,0,0,0,0,0,0.0,0.0,nan,nan,4,3,0.7499999812500004,0.0
_2016-05-27-10-26-48_5_frame68_rot_minus15,val,0.9955253601070421,0.9988797255116683,0.9962809644749661,0.9975786025084433,0.9975786025084433,0.8399885892868042,0.955432580656379,0.986179110562086,0.9705623511922,0.9705623511922,0.8966416120529175,0.0,0.0,0.0,0.0,0.0,0,0,0,0,0,0.0,0.0,nan,nan,2,2,0.9999999500000026,0.0
bonirob_2016-05-23-10-42-16_1_frame218_hue,val,0.9859008789058739,0.990952342768115,0.9925706789457983,0.9917608006650119,0.9917608006650119,0.8725396394729614,0.9728793660082979,0.975657139490255,0.9742662227953239,0.9742662227953239,0.8741951584815979,0.793937708542994,0.7033752155530087,0.7459176510125448,0.7459176510125448,0.7273322939872742,16,29,14,2,0,0.87499999453125,0.0,10.387117749792376,0.5733176025600681,2,3,0.9999999500000026,0.3333333222222226
bonirob_2016-05-23-10-57-33_4_frame49_hue,val,0.9592552185054934,0.9737172172497979,0.9758660939171518,0.9747904213122878,0.9747904213122878,0.8162394762039185,0.9505358614220497,0.9560530679140917,0.9532864319389671,0.9532864319389671,0.8770375847816467,0.8966900702087964,0.8880734688894761,0.8923609196469365,0.8923609196469365,0.744893491268158,12,37,11,1,10,0.9166666590277779,0.2702702695398101,23.971991875023942,0.9064876027639651,1,1,0.9999999000000099,0.0
bonirob_2016-05-23-11-02-39_5_frame303_contrast,val,0.9944343566890738,0.997587421092321,0.9965978535399865,0.9970923417913538,0.9970923417913538,0.8661549687385559,0.9492409139556933,0.9631243192630602,0.9561321711803312,0.9561321711803312,0.9015370011329651,0.8922538112712762,0.9216854649729371,0.9067308198779888,0.9067308198779888,0.8454778790473938,3,5,3,0,2,0.9999999666666678,0.39999999200000014,4.618185932782853,0.8540375895148911,2,3,0.9999999500000026,0.0
bonirob_2016-05-05-11-59-19_5_frame314_contrast,val,0.9981193542476661,0.9991131948885328,0.9989860866410172,0.9990495867218087,0.9990495867218087,0.8782153129577637,0.5757575740128558,0.487179485930309,0.5277777266589552,0.5277777266589552,0.6126125454902649,0.9095532146418616,0.9226234340116941,0.9160416547431347,0.9160416547431347,0.8311970829963684,3,2,2,1,0,0.6666666444444452,0.0,0.7125545360142047,0.9404639167977582,1,1,0.9999999000000099,0.0
bonirob_2016-05-23-10-52-28_3_frame251_noise,val,0.9886207580562635,0.9942623373630582,0.9939034548407465,0.9940828137110803,0.9940828137110803,0.804757833480835,0.9241676941856932,0.9451450188956464,0.9345386033534617,0.9345386033534617,0.8319002389907837,0.7779045445754345,0.7753980287950076,0.7766492143422947,0.7766492143422947,0.6762979030609131,9,9,6,3,1,0.6666666592592594,0.11111110987654323,6.336617280625075,0.7330300434690443,1,2,0.9999999000000099,0.0
bonirob_2016-05-23-10-52-28_3_frame131_hflip,val,0.9859695434566551,0.9912787342020136,0.9940643698528291,0.9926695477643112,0.9926695477643112,0.847568929195404,0.9333235853058441,0.9364730046810964,0.9348955926082018,0.9348955926082018,0.8394320607185364,0.7473039215503112,0.6342833367873043,0.6861707616165642,0.6861707616165642,0.6796525716781616,15,25,14,1,0,0.9333333271111112,0.0,12.114285609085703,0.5706812707320652,2,3,0.9999999500000026,0.0
bonirob_2016-05-09-11-10-10_10_frame131_crop,val,0.9941329956050895,0.9974206387914863,0.9976659042470404,0.9975432064434435,0.9975432064434435,0.8769983053207397,0.9439567858916976,0.7664473683790325,0.8459908733315205,0.8459908733315205,0.7875784635543823,0.8194633924324816,0.8751821272249835,0.8464067137730218,0.8464067137730218,0.8148257732391357,4,5,3,1,2,0.7499999812500004,0.39999999200000014,5.335099917414225,0.8321215019040809,2,2,0.9999999500000026,0.0
_2016-05-27-10-26-48_5_frame94_hflip,val,0.9942512512203239,0.9969490987633692,0.9969207113681491,0.9969348548636812,0.9969348548636812,0.8169628977775574,0.9536009806867691,0.9540103016865709,0.9538055472721514,0.9538055472721514,0.8098562955856323,0.0,0.0,0.0,0.0,0.0,0,0,0,0,0,0.0,0.0,nan,nan,3,4,0.9999999666666678,0.0
bonirob_2016-05-23-11-02-39_5_frame303_hue,val,0.9947128295894643,0.9974849936622647,0.9969922475675063,0.9972385097471335,0.9972385097471335,0.8757129311561584,0.957766089094094,0.9632799128526018,0.960515038031436,0.960515038031436,0.911777913570404,0.8992895946322756,0.9159395615893607,0.9075381682243983,0.9075381682243983,0.8524467349052429,3,5,3,0,2,0.9999999666666678,0.39999999200000014,4.48548905744807,0.805028215702726,2,3,0.9999999500000026,0.0
bonirob_2016-05-23-10-42-16_1_frame262_noise,val,0.9762344360347839,0.9845191728811193,0.9899111771799105,0.9872077624743034,0.9872077624743034,0.8537405133247375,0.9199029125469333,0.9125200641322214,0.9161965655595415,0.9161965655595415,0.8505836725234985,0.8595159844585628,0.7966768208208437,0.8269042329071253,0.8269042329071253,0.7159372568130493,11,39,10,1,5,0.9090909008264464,0.1282051278763971,26.23479432277971,0.41617363561300486,1,3,0.9999999000000099,0.0
bonirob_2016-05-23-10-52-28_3_frame91_brightness,val,0.9822235107418128,0.9900790803877398,0.9908102187081831,0.9904444646178553,0.9904444646178553,0.8403564691543579,0.8957816376430288,0.9541850219423624,0.9240613834180899,0.9240613834180899,0.8899752497673035,0.8756909326068699,0.8628041714897867,0.8691997398768575,0.8691997398768575,0.7588797807693481,12,29,10,2,1,0.833333326388889,0.03448275850178359,29.90856544650378,0.47298172383039205,2,2,0.9999999500000026,0.0
bonirob_2016-05-23-10-42-16_1_frame286_brightness,val,0.9905319213863409,0.9945710387517077,0.995316913319695,0.9949437862467165,0.9949437862467165,0.872383177280426,0.9704609309668883,0.9841367626599096,0.9772509536271701,0.9772509536271701,0.9099578857421875,0.7790697674192131,0.7039663777067516,0.7396163430980233,0.7396163430980233,0.7332177758216858,11,19,11,0,1,0.9999999909090911,0.052631578670360106,6.769351199621053,0.6176263562449905,2,2,0.9999999500000026,0.0
bonirob_2016-05-23-11-12-51_7_frame95,val,0.9942512512203239,0.9968718160974127,0.9971297656435746,0.9970007241859645,0.9970007241859645,0.8657493591308594,0.9577603143300865,0.9712364587103569,0.9644512637463136,0.9644512637463136,0.8936261534690857,0.8622076023076679,0.8095401509674146,0.8350441978076809,0.8350441978076809,0.6967981457710266,7,4,4,3,0,0.5714285632653062,0.0,4.128948089929487,0.7876502772457713,2,3,0.9999999500000026,0.0
bonirob_2016-05-23-10-42-16_1_frame1_contrast,val,0.9782485961910331,0.9878199816837522,0.9873205303666597,0.9875701428773959,0.9875701428773959,0.8428213596343994,0.9705142976800538,0.974187782562432,0.9723475205691159,0.9723475205691159,0.8856232166290283,0.829257641915362,0.8319217289658883,0.8305874991995003,0.8305874991995003,0.7374561429023743,6,25,6,0,4,0.9999999833333336,0.15999999936,25.469229797995407,0.6555318863027363,2,3,0.9999999500000026,0.3333333222222226
bonirob_2016-05-23-10-52-28_3_frame156_contrast,val,0.9904899597164191,0.9938045063774426,0.9965145273407335,0.9951576218751638,0.9951576218751638,0.8771172165870667,0.8688172042076541,0.8928176794593572,0.8806539008669778,0.8806539008669778,0.8631705045700073,0.7753917585381489,0.6404602109146582,0.7014964061983643,0.7014964061983643,0.6302962899208069,11,18,7,4,1,0.6363636305785125,0.05555555524691358,30.164552705678727,0.41302484806201906,1,2,0.9999999000000099,0.0
bonirob_2016-05-23-10-47-22_2_frame228_crop,val,0.9882659912105605,0.9926065740967737,0.9952728105979872,0.9939378543071282,0.9939378543071282,0.8462305665016174,0.978764018129426,0.9529340705247737,0.9656763001150412,0.9656763001150412,0.8684046864509583,0.8195181706651793,0.8087850090508002,0.8141161653796399,0.8141161653796399,0.7014560103416443,4,9,4,0,2,0.9999999750000006,0.22222221975308645,6.569563585143724,0.7110429122355302,2,2,0.9999999500000026,0.0
bonirob_2016-05-23-10-52-28_3_frame267_contrast,val,0.9932937622066523,0.9960977934365604,0.9970324785251548,0.9965648668190261,0.9965648668190261,0.8252050876617432,0.9001650164645147,0.8662167526452474,0.8828646070735853,0.8828646070735853,0.8336758613586426,0.8606844516070956,0.8283195020532075,0.8441918358160577,0.8441918358160577,0.7207545042037964,7,8,5,2,2,0.7142857040816327,0.24999999687500005,2.711386118869634,0.8294271980159605,2,5,0.9999999500000026,0.0
bonirob_2016-05-23-10-42-16_1_frame61_crop,val,0.9928054809566526,0.9955884636852087,0.99651705550402,0.9960524931696548,0.9960524931696548,0.8804125189781189,0.9732417284353044,0.9655605381122621,0.9693858675184832,0.9693858675184832,0.8920525312423706,0.8635597978178798,0.8418171865986963,0.8525498390961265,0.8525498390961265,0.7960395216941833,3,4,3,0,1,0.9999999666666678,0.24999999375000015,3.3604719587380694,0.8892930919238369,2,3,0.9999999500000026,0.3333333222222226
_2016-05-27-10-26-48_5_frame241_vflip,val,0.99609374999962,0.9985172489383588,0.9974040969080097,0.9979603125133144,0.9979603125133144,0.8531007170677185,0.9420907718186153,0.9661171326990972,0.9539526435869026,0.9539526435869026,0.880043089389801,0.0,0.0,0.0,0.0,0.0,0,0,0,0,0,0.0,0.0,nan,nan,2,2,0.9999999500000026,0.0
bonirob_2016-05-23-10-42-16_1_frame228_rot_minus15,val,0.9928779602046993,0.9960989478726058,0.9961853987142785,0.9961421214177717,0.9961421214177717,0.8796946406364441,0.9652644822440497,0.9787564479395487,0.9719635963754654,0.9719635963754654,0.8944087624549866,0.8465636653784462,0.7390697674074852,0.7891730318891345,0.7891730318891345,0.7177635431289673,8,11,6,2,0,0.7499999906250002,0.0,22.486271225558983,0.44140333646906077,1,1,0.9999999000000099,0.0
bonirob_2016-05-23-10-42-16_1_frame277,val,0.983974456786734,0.9907667322959226,0.9908921819463525,0.990829403150322,0.990829403150322,0.8781421780586243,0.969083193663413,0.979068343117127,0.9740501292092943,0.9740501292092943,0.8927565217018127,0.7580389043120676,0.7134317205172159,0.7350591358656992,0.7350591358656992,0.7453343272209167,13,28,12,1,3,0.9230769159763315,0.10714285676020407,13.55647449740494,0.6921934966880207,2,3,0.9999999500000026,0.0
_2016-05-27-10-26-48_5_frame104_rot15,val,0.9962310791011825,0.9981723581515304,0.99776164847965,0.9979669110590788,0.9979669110590788,0.8814597725868225,0.9716784673002307,0.9767636591952231,0.974214377388514,0.974214377388514,0.8933302760124207,0.0,0.0,0.0,0.0,0.0,0,0,0,0,0,0.0,0.0,nan,nan,2,3,0.9999999500000026,0.0
bonirob_2016-05-23-10-52-28_3_frame52_hue,val,0.9921684265132934,0.995858796875425,0.9957157630369676,0.9957872248198915,0.9957872248198915,0.8830564022064209,0.9649122806942969,0.9671546982650309,0.9660321381696301,0.9660321381696301,0.9022331833839417,0.8938084953042871,0.8946135831220571,0.8942108080013775,0.8942108080013775,0.8279609680175781,6,10,5,1,2,0.8333333194444447,0.19999999800000004,9.976102397392046,0.751503015986696,2,4,0.9999999500000026,0.0
bonirob_2016-05-23-10-57-33_4_frame28_rot15,val,0.985980987548452,0.9941632008606829,0.9964699629540474,0.9953151953599855,0.9953151953599855,0.8748091459274292,0.7094192107090578,0.9454229719438,0.8105923151388049,0.8105923151388049,0.6919910311698914,0.8428044280235473,0.5718577866704747,0.6813842000306135,0.6813842000306135,0.6493211388587952,9,16,7,2,1,0.7777777691358027,0.062499999609374995,26.579845436606394,0.5718772577045949,1,4,0.9999999000000099,0.7499999812500004
bonirob_2016-05-18-10-59-09_4_frame86_noise,val,0.9968528747554791,0.9985044567185792,0.9982058846977919,0.9983550983851587,0.9983550983851587,0.8843507170677185,0.9605228528734053,0.9668844931034362,0.9636931243088367,0.9636931243088367,0.8900756239891052,0.0,0.0,0.0,0.0,0.0,0,0,0,0,0,0.0,0.0,nan,nan,2,2,0.9999999500000026,0.0
bonirob_2016-05-23-10-42-16_1_frame276_vflip,val,0.9640884399410384,0.9786331073154844,0.979952414325261,0.9792922664765163,0.9792922664765163,0.7907262444496155,0.896191392810447,0.961073429652594,0.9274990606846085,0.9274990606846085,0.7920920252799988,0.8734616391696993,0.851363853881476,0.8622711424703249,0.8622711424703249,0.7651790976524353,17,39,14,3,7,0.8235294069204152,0.17948717902695593,16.247913017905205,0.8014937472510982,2,3,0.9999999500000026,0.3333333222222226
bonirob_2016-05-23-10-52-28_3_frame126,val,0.9786567687984548,0.9871008739710875,0.9897842232654117,0.9884406774797648,0.9884406774797648,0.8360670804977417,0.9436460974656623,0.9425837320308871,0.9431145655746984,0.9431145655746984,0.8751529455184937,0.8603950039939678,0.827161954330846,0.8434512000520034,0.8434512000520034,0.7053784728050232,11,40,11,0,2,0.9999999909090911,0.049999999875,36.58368126875693,0.5128672666218268,2,4,0.9999999500000026,0.0
bonirob_2016-05-23-10-42-16_1_frame206_hue,val,0.9865875244136861,0.9919307419960084,0.9933972310964967,0.9926633949253736,0.9926633949253736,0.8492201566696167,0.9519432102499773,0.9694700161181179,0.9606266249116014,0.9606266249116014,0.873897910118103,0.768451519509101,0.6117511520561132,0.681205851841388,0.681205851841388,0.6594277620315552,8,20,7,1,0,0.8749999890625002,0.0,17.382408334888492,0.5827353097770039,3,4,0.9999999666666678,0.24999999375000015
bonirob_2016-05-23-10-57-33_4_frame17_hue,val,0.99279022216759,0.9958373712463778,0.9964363160259415,0.9961367036046486,0.9961367036046486,0.8768325448036194,0.9662113112851171,0.972113405477909,0.9691533226027753,0.9691533226027753,0.8651819229125977,0.8520953163166765,0.7759072203226373,0.8122184736727656,0.8122184736727656,0.6808469295501709,14,11,9,5,0,0.6428571382653062,0.0,7.493251935019233,0.8294666378526022,1,3,0.9999999000000099,0.6666666444444452
bonirob_2016-05-23-10-47-22_2_frame112_crop,val,0.9913940429683719,0.9943785556687852,0.9960794275790693,0.9952282149155204,0.9952282149155204,0.8484359383583069,0.9801488833618891,0.9650250739235563,0.9725281345180888,0.9725281345180888,0.8918861746788025,0.9567428603310973,0.9417945755573428,0.9492098196956489,0.9492098196956489,0.8389792442321777,4,6,3,1,3,0.7499999812500004,0.4999999916666668,4.518625012390194,0.9555844450963985,2,2,0.9999999500000026,0.0
bonirob_2016-05-23-10-42-16_1_frame211_brightness,val,0.9741325378414253,0.9809227924015327,0.9896851935002813,0.9852844617375813,0.9852844617375813,0.8314164876937866,0.9532439153004549,0.9316223580494454,0.9423090747702978,0.9423090747702978,0.7872925996780396,0.7304743650998928,0.5437845550108118,0.6234535856581825,0.6234535856581825,0.5492822527885437,12,19,11,1,3,0.9166666590277779,0.15789473601108034,18.448373125599304,0.615540860418605,3,6,0.9999999666666678,0.33333332777777785
_2016-05-27-10-26-48_5_frame85_hflip,val,0.9939041137691521,0.9972405922502385,0.9959597677925465,0.9965997184944753,0.9965997184944753,0.8270779252052307,0.9652154809382109,0.9760079973306083,0.9705816878477536,0.9705816878477536,0.84767746925354,0.0,0.0,0.0,0.0,0.0,0,0,0,0,0,0.0,0.0,nan,nan,4,5,0.9999999750000006,0.0
bonirob_2016-05-10-11-39-31_15_frame253_rot_minus15,val,0.9859313964839989,0.9921836757247895,0.9932501857380561,0.9927165942843235,0.9927165942843235,0.8757275342941284,0.9322084073140259,0.9119606139324657,0.9219733067350017,0.9219733067350017,0.8518086075782776,0.72862385319764,0.7032052417088153,0.7156888749375295,0.7156888749375295,0.7278447151184082,14,40,11,3,1,0.7857142801020409,0.0249999999375,31.676643989358503,0.5016629347129181,2,4,0.9999999500000026,0.0
bonirob_2016-05-11-10-36-32_5_frame154_noise,val,0.9913902282711062,0.995733858718511,0.9954096045193834,0.9955716552168389,0.9955716552168389,0.8403723835945129,0.8698940997171114,0.9319286870450684,0.8998434553957576,0.8998434553957576,0.867672860622406,0.8378701764756525,0.8427862193343947,0.8403209580130262,0.8403209580130262,0.8180221319198608,3,16,3,0,7,0.9999999666666678,0.437499997265625,18.883966563239294,0.483342404327401,1,1,0.9999999000000099,0.0
bonirob_2016-05-23-10-47-22_2_frame5_contrast,val,0.9717254638668168,0.9850133424770035,0.9824478323967577,0.9837288647630532,0.9837288647630532,0.8202416896820068,0.9784706755687489,0.9782065987384237,0.978338569333438,0.978338569333438,0.8973689079284668,0.814482828075262,0.8397715472438225,0.8269338423332433,0.8269338423332433,0.7368716597557068,10,32,10,0,7,0.9999999900000002,0.21874999931640624,11.384049174829581,0.5259730161280978,1,1,0.9999999000000099,0.0
bonirob_2016-05-23-10-42-16_1_frame192_brightness,val,0.9866447448726705,0.9914637750843734,0.9930891255353307,0.9922757347282128,0.9922757347282128,0.8535995483398438,0.9781503583689237,0.9763623183807357,0.9772554705016934,0.9772554705016934,0.8840494155883789,0.7695147679121964,0.7108404384723304,0.7390147658126525,0.7390147658126525,0.6908045411109924,7,11,7,0,1,0.9999999857142858,0.09090909008264464,3.660313131885784,0.6792409247057963,2,2,0.9999999500000026,0.0
bonirob_2016-05-23-10-57-33_4_frame28_noise,val,0.9905967712398565,0.9940900358475792,0.9961379080397418,0.995112868350702,0.995112868350702,0.8698539733886719,0.9580596260495691,0.9454001495650611,0.9516877401653042,0.9516877401653042,0.8764652013778687,0.8591868783657445,0.7945780216105441,0.8256203390631448,0.8256203390631448,0.740268886089325,9,20,7,2,1,0.7777777691358027,0.049999999749999996,28.970979864623747,0.5222445005800362,1,1,0.9999999000000099,0.0
bonirob_2016-05-23-10-47-22_2_frame2_hue,val,0.9919738769527466,0.995612488129689,0.9962302933929313,0.9959212449497036,0.9959212449497036,0.8513263463973999,0.888339920860836,0.8927507446978401,0.8905398211354715,0.8905398211354715,0.8098680377006531,0.7252958106579694,0.6889428918381245,0.706652076510478,0.706652076510478,0.745131254196167,8,19,8,0,3,0.9999999875000002,0.15789473601108034,14.438643718590429,0.7362618614132014,1,2,0.9999999000000099,0.0
bonirob_2016-05-23-10-42-16_1_frame254_brightness,val,0.9911308288570437,0.9937419042090189,0.9970220772900517,0.9953792383862738,0.9953792383862738,0.8470953702926636,0.95382125963463,0.9523987074204275,0.9531094027244943,0.9531094027244943,0.8289085626602173,0.8444170771410339,0.6325338253188028,0.7232770255465064,0.7232770255465064,0.6348076462745667,12,15,7,5,0,0.5833333284722223,0.0,19.95764904431106,0.425963809454474,1,2,0.9999999000000099,0.4999999750000013
bonirob_2016-05-23-10-47-22_2_frame207_vflip,val,0.9460411071773734,0.9881804365517232,0.9903939562559582,0.9892859082221374,0.9892859082221374,0.7822173833847046,0.0,0.0,0.0,0.0,0.0,0.9566049615893297,0.7582751048098257,0.8459713299196339,0.8459713299196339,0.7663896083831787,3,3,1,2,2,0.3333333222222226,0.6666666444444452,39.99277910367134,0.7524064920235498,0,3,0.0,0.9999999666666678
bonirob_2016-05-23-10-42-16_1_frame284_vflip,val,0.9746170043941594,0.9876675669338745,0.990276976341196,0.9889705004019413,0.9889705004019413,0.8569296598434448,0.7804022135135592,0.9680227691115348,0.8641458181461624,0.8641458181461624,0.7144526243209839,0.8233397245875602,0.6971441221998587,0.7550049453433894,0.7550049453433894,0.6850121021270752,13,33,12,1,4,0.9230769159763315,0.12121212084481175,9.469667039026,0.5593776019680162,1,4,0.9999999000000099,0.7499999812500004
bonirob_2016-05-18-10-59-09_4_frame156_brightness,val,0.9892997741695445,0.9927887305923343,0.9959857395498911,0.9943846154318942,0.9943846154318942,0.8754488229751587,0.9697782963714144,0.9608092485438056,0.9652728884335406,0.9652728884335406,0.9030866622924805,0.7824046920591671,0.645535930301342,0.7074107949321938,0.7074107949321938,0.6993207931518555,5,19,5,0,3,0.9999999800000003,0.15789473601108034,20.708651770182534,0.47143991521631684,2,2,0.9999999500000026,0.0
bonirob_2016-05-23-10-52-28_3_frame78_rot15,val,0.9932708740230586,0.9968982876953495,0.9963396458871704,0.9966188385064152,0.9966188385064152,0.8757908940315247,0.9535232383688965,0.9659536767375528,0.9596981581006887,0.9596981581006887,0.8906430006027222,0.7704426106237644,0.781582952786089,0.7759727493688064,0.7759727493688064,0.713744580745697,12,12,9,3,2,0.74999999375,0.1666666652777778,6.038776446646157,0.9944678925148379,3,3,0.9999999666666678,0.0
bonirob_2016-05-18-10-59-09_4_frame72_noise,val,0.996013641357042,0.9977837764445394,0.9980428261586277,0.9979132344898173,0.9979132344898173,0.8783535361289978,0.9581839904338779,0.9528982432236874,0.9555337570642927,0.9555337570642927,0.8740372657775879,0.0,0.0,0.0,0.0,0.0,0,0,0,0,0,0.0,0.0,nan,nan,2,2,0.9999999500000026,0.0
_2016-05-27-10-26-48_5_frame253_crop,val,0.9970016479488384,0.9979434326685338,0.9989823874751471,0.9984625897996512,0.9984625897996512,0.8582659959793091,0.9728107344289262,0.9516407598980435,0.962109256764841,0.962109256764841,0.880071222782135,0.9483925549647944,0.8970392104321943,0.9220013208153621,0.9220013208153621,0.8254349827766418,3,6,3,0,0,0.9999999666666678,0.0,18.986470864024596,0.15441994068615336,1,1,0.9999999000000099,0.0
bonirob_2016-05-23-10-52-28_3_frame133_hflip,val,0.9818954467769692,0.9885485278942193,0.9925894642895876,0.9905648249337151,0.9905648249337151,0.8682799935340881,0.9130434782444656,0.9285583774725278,0.9207355238613151,0.9207355238613151,0.8333632946014404,0.6981132075318536,0.5605073101891755,0.6217879329988018,0.6217879329988018,0.6080161929130554,10,37,8,2,3,0.7999999920000002,0.08108108086194302,58.50067925897627,0.34811817944231893,2,5,0.9999999500000026,0.19999999600000007
bonirob_2016-05-23-10-42-16_1_frame262_rot15,val,0.9668540954586156,0.983993756833144,0.9921477662522009,0.9880538888947359,0.9880538888947359,0.8435802459716797,0.2834720570681695,0.9408050512280343,0.4356724790178591,0.4356724790178591,0.5594451427459717,0.8540722082212084,0.6029638411345408,0.7068797291035271,0.7068797291035271,0.7213391661643982,8,36,6,2,8,0.7499999906250002,0.22222222160493826,31.51616036725687,0.4314632032076267,1,2,0.9999999000000099,0.4999999750000013
bonirob_2016-05-23-10-52-28_3_frame47_hue,val,0.9920120239254028,0.9956791266920567,0.9953018082220529,0.9954903817035204,0.9954903817035204,0.8826200366020203,0.9798024636519076,0.9816544362872224,0.9807275256698398,0.9807275256698398,0.9041733741760254,0.8172367538290666,0.8275042444540746,0.8223384011299307,0.8223384011299307,0.7819780707359314,8,9,5,3,0,0.6249999921875001,0.0,8.393978087251423,0.8875532907840198,2,3,0.9999999500000026,0.3333333222222226
bonirob_2016-05-23-10-57-33_4_frame74_noise,val,0.9828224182125157,0.9892125134839493,0.9921527173233047,0.9906803838779707,0.9906803838779707,0.8362533450126648,0.0,0.0,0.0,0.0,0.0,0.9062732088879225,0.8752032131544649,0.8904672215440458,0.8904672215440458,0.7407432794570923,9,17,6,3,4,0.6666666592592594,0.23529411626297578,17.212103817463568,0.5153332128513891,0,0,0.0,0.0
bonirob_2016-05-23-10-42-16_1_frame256_hue,val,0.9904632568355597,0.9949614247353282,0.9944206664624331,0.9946909221038275,0.9946909221038275,0.8666903972625732,0.9705758722111367,0.9778925969804426,0.974220447022039,0.974220447022039,0.8810433745384216,0.793265993239284,0.7801324503052937,0.7866443573227977,0.7866443573227977,0.752068042755127,9,14,8,1,0,0.8888888790123458,0.0,13.168039027553757,0.6538017516160215,2,3,0.9999999500000026,0.0
bonirob_2016-05-23-10-52-28_3_frame107_contrast,val,0.9464263916012015,0.967615299752629,0.9653930271447864,0.9665028360369115,0.9665028360369115,0.8199257254600525,0.9002601907675517,0.901041666627559,0.9006507091800274,0.9006507091800274,0.8374495506286621,0.8605918848721271,0.8688586923875425,0.8647054808803408,0.8647054808803408,0.7483713626861572,9,67,8,1,11,0.8888888790123458,0.1641791042325685,31.785422005560697,0.4545297125767458,1,2,0.9999999000000099,0.0
bonirob_2016-05-23-10-42-16_1_frame180_hue,val,0.9855117797847803,0.9920393863492479,0.9916474493582099,0.9918433291342635,0.9918433291342635,0.8502291440963745,0.9594286355272055,0.9672044632050392,0.9633008078748448,0.9633008078748448,0.8452984690666199,0.6730038022557794,0.6429349799984405,0.6576258091880032,0.6576258091880032,0.6784199476242065,8,12,6,2,0,0.7499999906250002,0.0,14.979297627717505,0.5102821275686782,6,8,0.9999999833333336,0.24999999687500005
bonirob_2016-05-23-11-07-45_6_frame232_crop,val,0.9955711364742296,0.9975996018847735,0.9975453709120191,0.99757243566136,0.99757243566136,0.8829158544540405,0.9744971108268909,0.9750478177665838,0.974772336514968,0.974772336514968,0.8899188041687012,0.0,0.0,0.0,0.0,0.0,0,0,0,0,0,0.0,0.0,nan,nan,2,2,0.9999999500000026,0.0
bonirob_2016-05-18-10-59-09_4_frame56_crop,val,0.9964523315425886,0.9978978373139937,0.9983570557789662,0.9981273437271784,0.9981273437271784,0.8790874481201172,0.9717462759565582,0.9637258981761427,0.967719419298018,0.967719419298018,0.8837355375289917,0.0,0.0,0.0,0.0,0.0,0,0,0,0,0,0.0,0.0,nan,nan,2,2,0.9999999500000026,0.0
bonirob_2016-05-23-10-57-33_4_frame109_contrast,val,0.9952583312984484,0.9972188041239629,0.9979848827599394,0.9976016463701406,0.9976016463701406,0.8727806210517883,0.0,0.0,0.0,0.0,0.0,0.820186014439539,0.7675693100977573,0.7930057785047713,0.7930057785047713,0.7199922800064087,6,13,6,0,1,0.9999999833333336,0.07692307633136096,8.015187562013507,0.6854512380498763,0,0,0.0,0.0
bonirob_2016-05-23-10-42-16_1_frame283_crop,val,0.985687255858999,0.9898797475885622,0.9937227750818989,0.9917974885985957,0.9917974885985957,0.8701042532920837,0.979910640407149,0.9717098785658953,0.9757929795766429,0.9757929795766429,0.8937771320343018,0.8351435220939655,0.7452405676575763,0.787634850458358,0.787634850458358,0.7074785232543945,9,20,9,0,1,0.9999999888888891,0.049999999749999996,10.296502205946155,0.7833607570510306,2,2,0.9999999500000026,0.0
bonirob_2016-05-23-10-52-28_3_frame57_brightness,val,0.9886131286617322,0.9925030181082525,0.9954714056801184,0.9939849457378258,0.9939849457378258,0.8603379130363464,0.9473276529638396,0.9204139228425134,0.933676827557218,0.933676827557218,0.8528661131858826,0.8997641509327857,0.8412348401230293,0.8695156195622726,0.8695156195622726,0.792172908782959,7,14,7,0,5,0.9999999857142858,0.35714285459183676,12.656616138537343,0.8164109344055206,4,7,0.9999999750000006,0.0
bonirob_2016-05-23-10-47-22_2_frame42_crop,val,0.9943428039546988,0.9967796249975492,0.9971586147118356,0.9969690338372312,0.9969690338372312,0.881517231464386,0.9760756441110796,0.9720045500444134,0.9740357931958763,0.9740357931958763,0.9054167866706848,0.8122786304124983,0.7995351539337864,0.8058564653292863,0.8058564653292863,0.7437796592712402,6,6,3,3,1,0.4999999916666668,0.16666666388888893,12.840775908242952,0.7595779055066448,3,3,0.9999999666666678,0.0
bonirob_2016-05-23-10-42-16_1_frame77_crop,val,0.9882087707515762,0.9931221894569714,0.9938705576272854,0.9934961826118505,0.9934961826118505,0.879387378692627,0.9705714285668068,0.9709875660951313,0.9707794027352539,0.9707794027352539,0.8976701498031616,0.7551855097646747,0.7158681805395772,0.7350013716810152,0.7350013716810152,0.7365394830703735,8,19,7,1,3,0.8749999890625002,0.15789473601108034,17.804561010788397,0.6612165692799339,2,2,0.9999999500000026,0.0
bonirob_2016-05-23-10-52-28_3_frame120,val,0.9832763671871249,0.9898842943316722,0.9924769614495681,0.9911788824573546,0.9911788824573546,0.8443039059638977,0.9521424596417343,0.9578726381951312,0.9549989034511608,0.9549989034511608,0.8585566282272339,0.7517522412265403,0.6754540128782154,0.7115636313785478,0.7115636313785478,0.6602523326873779,16,33,13,3,3,0.812499994921875,0.09090909063360882,23.880730451376856,0.6217427745264261,1,2,0.9999999000000099,0.4999999750000013
bonirob_2016-05-23-10-42-16_1_frame283_noise,val,0.9848899841304837,0.9903422276279621,0.9925556703566999,0.9914476635962822,0.9914476635962822,0.8640350103378296,0.9705513784423145,0.9736015084814047,0.9720740008278158,0.9720740008278158,0.8850405812263489,0.796816087121977,0.708247998497333,0.7499260221149948,0.7499260221149948,0.6728612780570984,11,18,10,1,1,0.9090909008264464,0.05555555524691358,9.86444581482174,0.5665767337803543,2,2,0.9999999500000026,0.0
bonirob_2016-05-23-10-42-16_1_frame229_crop,val,0.987480163573842,0.9914867637827126,0.9945818129232716,0.9930318267220941,0.9930318267220941,0.8561238050460815,0.9764202004942983,0.9638990846956098,0.9701191924572161,0.9701191924572161,0.8899799585342407,0.8462915092295429,0.7756515399895089,0.8094331946591387,0.8094331946591387,0.7814328670501709,8,25,8,0,1,0.9999999875000002,0.03999999984,29.020428477942183,0.5003422305964891,1,1,0.9999999000000099,0.0
bonirob_2016-05-23-10-52-28_3_frame261_noise,val,0.9857635498043115,0.9920162501813236,0.9929063967725145,0.9924610738820114,0.9924610738820114,0.8196038603782654,0.9331103678483942,0.8995854444541878,0.916041225771141,0.916041225771141,0.8533161878585815,0.8699991950344522,0.8600302379178799,0.8649859443924994,0.8649859443924994,0.7290302515029907,8,11,5,3,4,0.6249999921875001,0.36363636033057856,6.41576465381448,0.741105382891562,1,3,0.9999999000000099,0.0
bonirob_2016-05-23-10-42-16_1_frame296_hue,val,0.9803733825679853,0.98880240507331,0.9899969900254446,0.989399286968833,0.989399286968833,0.856621265411377,0.9716326325221644,0.9734932473193559,0.9725620000330487,0.9725620000330487,0.8785829544067383,0.7715016519154694,0.7466735430557331,0.7588845291017614,0.7588845291017614,0.7461985945701599,7,34,6,1,13,0.8571428448979593,0.3823529400519031,18.786774210549776,0.5055412436639981,1,1,0.9999999000000099,0.0
bonirob_2016-05-23-10-57-33_4_frame93_rot_minus15,val,0.9970588684078228,0.9986872948894194,0.9981704981619423,0.998428779650905,0.998428779650905,0.8997843265533447,0.9733515342099035,0.9807439301460307,0.9770336993619104,0.9770336993619104,0.9153165817260742,0.0,0.0,0.0,0.0,0.0,0,0,0,0,0,0.0,0.0,nan,nan,2,2,0.9999999500000026,0.0
bonirob_2016-05-23-10-42-16_1_frame64_vflip,val,0.9844932556148588,0.9905867362171777,0.9932088217441497,0.9918959961075038,0.9918959961075038,0.8168070912361145,0.9150810429557759,0.9433345440994068,0.9289929744819941,0.9289929744819941,0.8541013598442078,0.8213192999532332,0.75243861418598,0.7853715124037397,0.7853715124037397,0.7165476679801941,11,14,8,3,1,0.7272727206611571,0.07142857091836735,11.934079454704175,0.6351297123303843,2,4,0.9999999500000026,0.0
bonirob_2016-05-23-10-42-16_1_frame220_hue,val,0.9848327636714993,0.9907707801906145,0.9928033154377186,0.9917859564617608,0.9917859564617608,0.8673178553581238,0.9678418126735076,0.9738724067055592,0.9708476947525789,0.9708476947525789,0.8852777481079102,0.7732814984843033,0.7009450584542537,0.7353385486628922,0.7353385486628922,0.7135527729988098,13,30,11,2,3,0.8461538396449705,0.09999999966666666,22.586502476112006,0.5489206821263066,1,1,0.9999999000000099,0.0
bonirob_2016-05-23-10-42-16_1_frame201_hflip,val,0.9799423217769699,0.9863558143367736,0.9888266572132867,0.9875896403319409,0.9875896403319409,0.8425937294960022,0.9720064550812867,0.9751538046390175,0.9735775362049315,0.9735775362049315,0.8482722043991089,0.7017396183865955,0.5893025447552003,0.6406249503628293,0.6406249503628293,0.6730636358261108,9,23,8,1,2,0.8888888790123458,0.0869565213610586,17.1544410480451,0.6715316706200316,1,1,0.9999999000000099,0.0
bonirob_2016-05-18-10-59-09_4_frame167_crop,val,0.9912643432613406,0.9947171954877081,0.9959861220572359,0.9953512043489364,0.9953512043489364,0.854865550994873,0.9601864588036054,0.9663154656543388,0.9632411627647905,0.9632411627647905,0.872929573059082,0.8202463433094593,0.7115191986406839,0.7620239087442514,0.7620239087442514,0.7651712894439697,4,7,4,0,0,0.9999999750000006,0.0,12.95121448659597,0.5644118916858745,2,2,0.9999999500000026,0.0
bonirob_2016-05-23-10-42-16_1_frame2_rot_minus15,val,0.9939498901363396,0.9966652887959281,0.9970298683118372,0.9968474952192461,0.9968474952192461,0.8306570053100586,0.9495798319221335,0.9405171457003604,0.945026711810418,0.945026711810418,0.8879198431968689,0.8170055452361672,0.8139963167087786,0.8154981049315694,0.8154981049315694,0.7848531603813171,2,6,2,0,0,0.9999999500000026,0.0,27.688609252147295,0.5137442705905781,2,3,0.9999999500000026,0.3333333222222226
bonirob_2016-05-23-10-57-33_4_frame65_vflip,val,0.99123001098595,0.9956780618415092,0.9950819672127149,0.9953798752826091,0.9953798752826091,0.8485659956932068,0.956497014487397,0.9551391254833171,0.9558175377119781,0.9558175377119781,0.8892441987991333,0.8560902962712637,0.8779742765132159,0.8668941479464234,0.8668941479464234,0.7815377712249756,4,7,3,1,1,0.7499999812500004,0.14285714081632656,13.060510385717047,0.668260056495544,2,4,0.9999999500000026,0.24999999375000015
bonirob_2016-05-23-11-07-45_6_frame246_rot15,val,0.9963912963863386,0.9983097426913605,0.9978567377031854,0.998083138795373,0.998083138795373,0.8775959610939026,0.9657294635853476,0.9727877838620935,0.9692457237264829,0.9692457237264829,0.8826795816421509,0.0,0.0,0.0,0.0,0.0,0,0,0,0,0,0.0,0.0,nan,nan,5,4,0.7999999840000003,0.0
bonirob_2016-05-23-10-42-16_1_frame194_vflip,val,0.9666137695308813,0.9875714323446594,0.9893398373405654,0.9884547938976395,0.9884547938976395,0.8542757630348206,0.9645676452364051,0.8453690419230181,0.9010432098053354,0.9010432098053354,0.7148663401603699,0.34082745775787116,0.6330615270414366,0.4430992281021651,0.4430992281021651,0.5111379623413086,11,38,10,1,7,0.9090909008264464,0.18421052583102493,25.635799445530058,0.4961066631585349,3,5,0.6666666444444452,0.5999999880000002
bonirob_2016-05-23-10-42-16_1_frame76_noise,val,0.9871139526363422,0.992550694937533,0.9934865678550778,0.9930183608923702,0.9930183608923702,0.8611716628074646,0.9633103624236644,0.9680666880348312,0.965682618622395,0.965682618622395,0.8777961134910583,0.7745716861863262,0.7247416156776051,0.7488285432610987,0.7488285432610987,0.7413429617881775,12,20,12,0,2,0.9999999916666668,0.09999999949999999,16.792057150967292,0.719427323609651,2,2,0.9999999500000026,0.0
bonirob_2016-05-23-10-52-28_3_frame79_brightness,val,0.9898757934566537,0.9941007846721648,0.9951483856320088,0.9946242593023535,0.9946242593023535,0.8724289536476135,0.9673785707761793,0.9705270771090269,0.9689502162609075,0.9689502162609075,0.8701918125152588,0.7945879458599118,0.740655812869969,0.7666745287285317,0.7666745287285317,0.7619354128837585,13,18,11,2,0,0.8461538396449705,0.0,13.437625009755946,0.6919097003797648,2,2,0.9999999500000026,0.0
bonirob_2016-05-23-10-47-22_2_frame81_vflip,val,0.9881248474117325,0.9929337597224334,0.99421297743937,0.9935729068352956,0.9935729068352956,0.8621628880500793,0.9615849969693794,0.9664376481974436,0.9640051657509091,0.9640051657509091,0.8741850256919861,0.8569072920326694,0.7994871794735131,0.8272019309439372,0.8272019309439372,0.771277904510498,9,13,7,2,4,0.7777777691358027,0.30769230532544384,6.133236582577733,0.6306525123909287,4,4,0.9999999750000006,0.0
bonirob_2016-05-23-10-57-33_4_frame53_crop,val,0.9908714294429813,0.9946308377784792,0.9950596208060686,0.9948451330903975,0.9948451330903975,0.8756886720657349,0.9692084049032746,0.9520965857334532,0.9605762433771111,0.9605762433771111,0.8857635855674744,0.959397627822134,0.9609343715196399,0.9601653347821438,0.9601653347821438,0.8528459668159485,5,7,5,0,1,0.9999999800000003,0.14285714081632656,6.811763325617707,0.8508631958466342,2,6,0.9999999500000026,0.0
bonirob_2016-05-23-10-42-16_1_frame17_crop,val,0.9894790649410288,0.995325891550234,0.996217193357912,0.9957712930059998,0.9957712930059998,0.8900855779647827,0.9396305368394589,0.9771798545827247,0.9580373599364197,0.9580373599364197,0.8626622557640076,0.8639070875263876,0.6707514450711966,0.7551737110223131,0.7551737110223131,0.7778201699256897,9,12,9,0,0,0.9999999888888891,0.0,10.500816065844278,0.5903921806489224,3,5,0.9999999666666678,0.39999999200000014
bonirob_2016-05-23-10-42-16_1_frame292_hue,val,0.9866409301754049,0.9933622670406939,0.9922264448937235,0.9927939811033869,0.9927939811033869,0.8332035541534424,0.9412856196094016,0.9557903236595398,0.9484824714482964,0.9484824714482964,0.8268351554870605,0.7609523809342631,0.7699349554138778,0.7654172652749754,0.7654172652749754,0.7610505819320679,10,19,10,0,0,0.9999999900000002,0.0,12.155075261866875,0.8703326137108576,2,6,0.9999999500000026,0.4999999916666668
bonirob_2016-05-23-10-42-16_1_frame252_hflip,val,0.9878997802730607,0.9928129160148002,0.9940249052243696,0.9934184909573647,0.9934184909573647,0.843654990196228,0.9573639096017067,0.9635854341682711,0.9604645468233969,0.9604645468233969,0.8406873345375061,0.779416584700773,0.6870846575935543,0.7303439305197553,0.7303439305197553,0.7178654670715332,13,24,11,2,1,0.8461538396449705,0.04166666649305555,15.428334425231599,0.5154608045585144,2,2,0.9999999500000026,0.0
bonirob_2016-05-23-10-52-28_3_frame121_crop,val,0.9831047058101718,0.9898401112404268,0.9930250777430059,0.9914299865742247,0.9914299865742247,0.8591095805168152,0.906672678067929,0.9501535553756165,0.9279039758452097,0.9279039758452097,0.805905282497406,0.7820264841425082,0.6800362271874753,0.7274739986761486,0.7274739986761486,0.6668124198913574,17,41,15,2,0,0.8823529359861592,0.0,18.509868092827805,0.47810814911466476,1,1,0.9999999000000099,0.0
_2016-05-27-10-26-48_5_frame225_hflip,val,0.9964027404781355,0.9980574064373401,0.9981731107482658,0.9981152052396138,0.9981152052396138,0.8434512615203857,0.961798879871589,0.959472981979991,0.9606344730561339,0.9606344730561339,0.8548154234886169,0.0,0.0,0.0,0.0,0.0,0,0,0,0,0,0.0,0.0,nan,nan,2,2,0.9999999500000026,0.0
bonirob_2016-05-12-10-26-12_6_frame9_noise,val,0.9960899353023543,0.9982712698340503,0.9977249539709725,0.9979979871375911,0.9979979871375911,0.8794127702713013,0.9431051108665026,0.9641800854103129,0.9535261118210724,0.9535261118210724,0.9001572728157043,0.8789505068312776,0.8982327848598954,0.8884869903648857,0.8884869903648857,0.8126781582832336,2,4,2,0,1,0.9999999500000026,0.24999999375000015,7.85517959748759,0.6814255499143225,2,2,0.9999999500000026,0.0
bonirob_2016-05-23-10-42-16_1_frame224_hflip,val,0.9789199829097828,0.9867576815367015,0.9893703086802702,0.9880622180391184,0.9880622180391184,0.8447309732437134,0.9657507656430757,0.9584332191739793,0.9620780283327538,0.9620780283327538,0.831627607345581,0.7691560244201949,0.7253567220745469,0.7466145158214746,0.7466145158214746,0.7053589224815369,11,31,10,1,1,0.9090909008264464,0.032258064412070755,32.929172092874374,0.6042351827539253,2,3,0.9999999500000026,0.3333333222222226
_2016-05-27-10-26-48_5_frame21_noise,val,0.9965744018550886,0.9986180121738754,0.997797022787645,0.9982072986722919,0.9982072986722919,0.8519553542137146,0.9531409168000582,0.9701054086662337,0.9615482928919502,0.9615482928919502,0.8858363628387451,0.0,0.0,0.0,0.0,0.0,0,0,0,0,0,0.0,0.0,nan,nan,2,2,0.9999999500000026,0.0
_2016-05-27-10-26-48_5_frame239_hflip,val,0.9960479736324326,0.9981066199520998,0.9977029808672065,0.997904709593011,0.997904709593011,0.8616394996643066,0.9620498429814789,0.968520885175432,0.9652744689992552,0.9652744689992552,0.8635821342468262,0.0,0.0,0.0,0.0,0.0,0,0,0,0,0,0.0,0.0,nan,nan,2,2,0.9999999500000026,0.0
bonirob_2016-05-23-10-47-22_2_frame49_hue,val,0.9903945922847784,0.9945682401804297,0.9954949797250415,0.9950313441691058,0.9950313441691058,0.8306538462638855,0.9173212882773504,0.9366352516355196,0.926877616422199,0.926877616422199,0.8316903114318848,0.7967823877844544,0.7268280123396801,0.7601992230080532,0.7601992230080532,0.7259563207626343,8,13,6,2,1,0.7499999906250002,0.07692307633136096,11.707234403008433,0.6632358163256394,2,3,0.9999999500000026,0.0
bonirob_2016-05-23-10-47-22_2_frame26_rot15,val,0.9914855957027467,0.9954394528924426,0.9957156219280114,0.9955774682581973,0.9955774682581973,0.8812872171401978,0.9593166352836352,0.959177764896364,0.9592471450639297,0.9592471450639297,0.879737377166748,0.7197898423565748,0.7028043775409438,0.7111956585826222,0.7111956585826222,0.7122710943222046,7,15,6,1,0,0.8571428448979593,0.0,21.324090294115365,0.6903164665838029,3,3,0.9999999666666678,0.0
bonirob_2016-05-23-10-42-16_1_frame21_vflip,val,0.9839324951168121,0.9970869629584144,0.9973663249822898,0.9972265744053096,0.9972265744053096,0.877690851688385,0.7136327678587181,0.9690857006329782,0.8219690728853213,0.8219690728853213,0.7539179921150208,0.7359813083252359,0.16050955413603799,0.26354316239265946,0.26354316239265946,0.49205508828163147,9,8,8,1,0,0.8888888790123458,0.0,3.9211174647079723,0.8852651477487998,1,3,0.9999999000000099,0.3333333222222226
bonirob_2016-05-23-10-47-22_2_frame43_rot15,val,0.983650207519156,0.9924204525864239,0.9897077504198694,0.99106219522749,0.99106219522749,0.8167283535003662,0.938286071393342,0.9688634346941286,0.9533295793409502,0.9533295793409502,0.9012519121170044,0.8523460666243472,0.8711891602703584,0.8616645594147107,0.8616645594147107,0.7664961814880371,7,9,4,3,2,0.5714285632653062,0.22222221975308645,19.91177472166347,0.46911835562864934,2,3,0.9999999500000026,0.3333333222222226
bonirob_2016-05-23-10-52-28_3_frame147,val,0.9898986816402474,0.9939120252849541,0.9952403597808371,0.9945756990092,0.9945756990092,0.8454330563545227,0.9714725105653865,0.9794557717576597,0.9754477572817581,0.9754477572817581,0.8523628115653992,0.8383466339095899,0.7702575671974007,0.8028610121941745,0.8028610121941745,0.7138961553573608,15,18,11,4,0,0.7333333284444445,0.0,12.056650867521116,0.7387238747482999,1,1,0.9999999000000099,0.0
bonirob_2016-05-18-10-59-09_4_frame117_hue,val,0.9923095703121214,0.9956073176345807,0.9962434138427587,0.9959252141702264,0.9959252141702264,0.8702606558799744,0.9528782143198946,0.9523809523685274,0.9526294684529275,0.9526294684529275,0.8847910761833191,0.9191574153014638,0.8994428969234061,0.9091932485993011,0.9091932485993011,0.7840005159378052,5,11,5,0,6,0.9999999800000003,0.5454545404958678,3.177810265803345,0.7835871439900916,2,3,0.9999999500000026,0.0
_2016-05-27-10-26-48_5_frame104_rot_minus15,val,0.996925354003526,0.9986661012688511,0.998016909752526,0.9983413499732569,0.9983413499732569,0.9073904752731323,0.974957136172001,0.9830268741108333,0.9789753256217879,0.9789753256217879,0.9110433459281921,0.0,0.0,0.0,0.0,0.0,0,0,0,0,0,0.0,0.0,nan,nan,2,3,0.9999999500000026,0.3333333222222226
bonirob_2016-05-23-10-47-22_2_frame1_rot15,val,0.9915046691890749,0.9955490501844609,0.9955689033530377,0.9955589266697752,0.9955589266697752,0.8252818584442139,0.9588301462101501,0.9692972481016763,0.9640352361140291,0.9640352361140291,0.8913431167602539,0.8667815101799199,0.860236500913802,0.8634965534921262,0.8634965534921262,0.790869414806366,7,10,6,1,4,0.8571428448979593,0.3999999960000001,1.6875712569550376,0.9580173997432264,1,2,0.9999999000000099,0.4999999750000013
bonirob_2016-05-23-10-42-16_1_frame213_hue,val,0.980823516845329,0.9880256013425893,0.9899775282863282,0.9890005517172488,0.9890005517172488,0.8670716285705566,0.9657266176489054,0.9752872077094481,0.9704833170257682,0.9704833170257682,0.8644246459007263,0.7773199274637,0.6949602121913504,0.733836408559428,0.733836408559428,0.685356855392456,15,30,12,3,1,0.7999999946666667,0.03333333322222222,11.51510964953898,0.6433295788234111,4,5,0.9999999750000006,0.0
bonirob_2016-05-23-10-42-16_1_frame268,val,0.9897041320797005,0.9948454271386997,0.9935884806793582,0.9942165066329852,0.9942165066329852,0.8666245937347412,0.9659256980195141,0.9782659499845047,0.9720566107305094,0.9720566107305094,0.8869276642799377,0.7929515418233497,0.7841823056037472,0.7885424942041255,0.7885424942041255,0.7562229037284851,12,21,11,1,1,0.9166666590277779,0.04761904739229025,8.970943292748121,0.7564268965680339,1,1,0.9999999000000099,0.0
bonirob_2016-05-23-10-42-16_1_frame203,val,0.9876289367672014,0.9928189230131655,0.9929797977581806,0.9928993038692341,0.9928993038692341,0.8844154477119446,0.9730442232881663,0.9824654799501498,0.9777321067502972,0.9777321067502972,0.8944264650344849,0.7704678362347817,0.7030416221797481,0.7352120036556122,0.7352120036556122,0.721961259841919,10,28,9,1,0,0.8999999910000002,0.0,16.535128434369625,0.5753499681072022,2,2,0.9999999500000026,0.0
bonirob_2016-05-23-10-42-16_1_frame48_rot_minus15,val,0.9886131286617322,0.9934672290502383,0.994233044366812,0.9938499391829985,0.9938499391829985,0.8738279342651367,0.9616434955253125,0.975569827471505,0.96855655435985,0.96855655435985,0.9038726091384888,0.7601351351117895,0.6738361012612624,0.7143887508532167,0.7143887508532167,0.7390800714492798,7,16,5,2,2,0.7142857040816327,0.12499999921874999,16.82841344181285,0.3646236922716767,2,2,0.9999999500000026,0.0
bonirob_2016-05-18-10-59-09_4_frame3_contrast,val,0.9972953796382914,0.9990739040528677,0.9980977751542325,0.998585551059318,0.998585551059318,0.8839369416236877,0.9589853826228806,0.9796223100484881,0.9691939539077394,0.9691939539077394,0.9046117663383484,0.0,0.0,0.0,0.0,0.0,0,0,0,0,0,0.0,0.0,nan,nan,2,2,0.9999999500000026,0.0
bonirob_2016-05-23-10-42-16_1_frame249,val,0.9851226806636867,0.9913923486587268,0.9919065827599102,0.991649349043451,0.991649349043451,0.8634480834007263,0.9614986050180888,0.9764429693152414,0.9689131157152062,0.9689131157152062,0.8749396800994873,0.7470604320276987,0.6564151849914365,0.6988105397801597,0.6988105397801597,0.7034115791320801,9,35,8,1,3,0.8888888790123458,0.08571428546938775,27.554715845128207,0.45671480705931944,2,4,0.9999999500000026,0.4999999875000003
bonirob_2016-05-23-10-42-16_1_frame211_hflip,val,0.9801063537593917,0.9882043932968075,0.9890703473768009,0.9886371307130748,0.9886371307130748,0.8516932725906372,0.959016393439098,0.9604991901010141,0.9597571690511277,0.9597571690511277,0.8426163196563721,0.7403469501820491,0.7082441113363982,0.7239397584928875,0.7239397584928875,0.705333411693573,12,26,11,1,2,0.9166666590277779,0.07692307662721894,16.24050413591165,0.7762796748614395,3,6,0.9999999666666678,0.33333332777777785
bonirob_2016-05-23-10-42-16_1_frame61_noise,val,0.9884872436519667,0.9935468124972622,0.9939662057859062,0.9937564148926383,0.9937564148926383,0.8499017357826233,0.9530244909946708,0.9574884382725157,0.9552511995879526,0.9552511995879526,0.8641553521156311,0.8085598611680579,0.7683429513391498,0.7879385156014151,0.7879385156014151,0.7689645290374756,5,12,4,1,5,0.7999999840000003,0.4166666631944445,20.60168384598308,0.5350063672966066,2,2,0.9999999500000026,0.0
bonirob_2016-05-10-11-39-31_15_frame256_rot_minus15,val,0.989578247069935,0.994727866600198,0.994654117499768,0.9946909406829957,0.9946909406829957,0.879395604133606,0.8517596871364466,0.9041509433621076,0.877173664088917,0.877173664088917,0.8327890634536743,0.6868096166118646,0.6561142147530691,0.6711110611159321,0.6711110611159321,0.6838005185127258,18,36,15,3,2,0.8333333287037037,0.055555555401234566,20.063383137138484,0.5327727342509578,2,5,0.9999999500000026,0.0
bonirob_2016-05-23-10-57-33_4_frame22_rot_minus15,val,0.9899139404293099,0.9949195183308521,0.9943204472033514,0.9946198425602404,0.9946198425602404,0.869289755821228,0.9471496973444109,0.9676049838397083,0.9572680288866687,0.9572680288866687,0.8876201510429382,0.8506170565324992,0.8373526745088422,0.8439326985256794,0.8439326985256794,0.730659544467926,12,21,10,2,1,0.833333326388889,0.04761904739229025,12.490838933385396,0.7361447668598973,2,4,0.9999999500000026,0.0
_2016-05-27-10-26-48_5_frame44,val,0.9958419799800888,0.9980519054411314,0.997479177596653,0.9977654093309575,0.9977654093309575,0.8800028562545776,0.9664227997326577,0.9738666373185857,0.9701303895438157,0.9701303895438157,0.8966348767280579,0.0,0.0,0.0,0.0,0.0,0,0,0,0,0,0.0,0.0,nan,nan,2,2,0.9999999500000026,0.0
bonirob_2016-05-23-10-52-28_3_frame103_vflip,val,0.9491539001461223,0.9713090199720226,0.972152396668375,0.971730475326032,0.971730475326032,0.7827203869819641,0.07955182072383463,0.5612648219125436,0.1393522844228101,0.1393522844228101,0.18049487471580505,0.889795444876668,0.8612707027213226,0.8753006908087,0.8753006908087,0.7322913408279419,16,52,14,2,6,0.87499999453125,0.11538461516272189,22.326438688160074,0.6576911675903142,1,2,0.9999999000000099,0.4999999750000013
bonirob_2016-05-23-10-42-16_1_frame249_hue,val,0.9851226806636867,0.9916157654467556,0.9916965311472283,0.9916560966524987,0.9916560966524987,0.8638979196548462,0.961683992508218,0.9772929652676382,0.9694256019375995,0.9694256019375995,0.8769735097885132,0.7375734900925288,0.6631427198302945,0.698380516925132,0.698380516925132,0.7042041420936584,9,35,8,1,3,0.8888888790123458,0.08571428546938775,27.422339704461887,0.46067912297576324,2,4,0.9999999500000026,0.4999999875000003
_2016-05-27-10-26-48_5_frame150,val,0.9972572326656352,0.9985716286230426,0.9985516523961756,0.9985615904097054,0.9985615904097054,0.8949533700942993,0.9703497419856634,0.9707472959605805,0.9705484282618277,0.9705484282618277,0.8964541554450989,0.0,0.0,0.0,0.0,0.0,0,0,0,0,0,0.0,0.0,nan,nan,2,2,0.9999999500000026,0.0
bonirob_2016-05-23-10-52-28_3_frame48_contrast,val,0.9913978576656375,0.9958025583216064,0.9948401868146886,0.995321089940052,0.995321089940052,0.866469144821167,0.9643761510073413,0.979426033076279,0.9718427802133994,0.9718427802133994,0.9023779630661011,0.8400307140813916,0.8327835574515914,0.8363913872884952,0.8363913872884952,0.8075251579284668,8,10,7,1,0,0.8749999890625002,0.0,12.802114420610442,0.6828031824789568,3,3,0.9999999666666678,0.0
bonirob_2016-05-23-10-57-33_4_frame150_vflip,val,0.9952545166011828,0.9982486436169394,0.9966780658594856,0.9974626864913498,0.9974626864913498,0.8554476499557495,0.9525914722764668,0.9744718833622464,0.9634074097019221,0.9634074097019221,0.8898237347602844,0.0,0.0,0.0,0.0,0.0,0,0,0,0,0,0.0,0.0,nan,nan,2,2,0.9999999500000026,0.0
bonirob_2016-05-18-10-59-09_4_frame156_hue,val,0.9897346496578255,0.9944911754560639,0.9947185004868465,0.9946047749822119,0.9946047749822119,0.867645800113678,0.9652625504793391,0.9669364161737926,0.9660987082909311,0.9660987082909311,0.9119499325752258,0.7498153164060622,0.7367529639308794,0.7432267012671485,0.7432267012671485,0.7419930696487427,5,17,5,0,3,0.9999999800000003,0.17647058719723183,18.158523553786093,0.7641047055498017,2,2,0.9999999500000026,0.0
bonirob_2016-05-23-10-52-28_3_frame253_brightness,val,0.9789505004879078,0.9828317620707493,0.9947601044610626,0.988759908870131,0.988759908870131,0.8113726377487183,0.8794402582476383,0.7649812733366121,0.8182272911718133,0.8182272911718133,0.7409336566925049,0.9379686434855489,0.8273137212762408,0.8791729871821631,0.8791729871821631,0.6564334630966187,9,21,7,2,5,0.7777777691358027,0.23809523696145124,28.730475055346023,0.3304681949062189,1,4,0.9999999000000099,0.24999999375000015
bonirob_2016-05-23-10-52-28_3_frame23_hue,val,0.9875907897945452,0.992847770091451,0.9939708964993111,0.9934089658499906,0.9934089658499906,0.8648585677146912,0.943429686106194,0.9539178769862477,0.9486447431457115,0.9486447431457115,0.868162989616394,0.7850632911193656,0.7123822650881603,0.746958880606847,0.746958880606847,0.7346876859664917,10,16,8,2,5,0.7999999920000002,0.312499998046875,2.838278113949623,0.8711370844029644,4,7,0.9999999750000006,0.2857142816326531
bonirob_2016-05-23-10-57-33_4_frame107_hue,val,0.9948196411129018,0.9976045496800492,0.9967112970707127,0.9971576733317983,0.9971576733317983,0.8653135895729065,0.9663498587166437,0.9752851710984476,0.9707969049665648,0.9707969049665648,0.8804164528846741,0.0,0.0,0.0,0.0,0.0,0,0,0,0,0,0.0,0.0,nan,nan,3,3,0.9999999666666678,0.0
bonirob_2016-05-09-11-10-10_10_frame65_contrast,val,0.9957695007320421,0.9974336907554728,0.9982657142964122,0.9978494790872157,0.9978494790872157,0.8666830062866211,0.8911411410742386,0.8400566170672288,0.8648451230224214,0.8648451230224214,0.8402139544487,0.8941836019308276,0.8540829986327282,0.873673349517111,0.873673349517111,0.8036786317825317,4,4,2,2,2,0.4999999875000003,0.4999999875000003,3.008036921616834,1.0302679045691878,2,3,0.9999999500000026,0.0
bonirob_2016-05-23-10-42-16_1_frame190_hflip,val,0.9816398620601724,0.9884070624753112,0.9903504159832324,0.9893777349378295,0.9893777349378295,0.8514716029167175,0.9674555278177274,0.9744446566069173,0.970937464861772,0.970937464861772,0.8447993397712708,0.6897015326515272,0.5841493964795229,0.6325523547666632,0.6325523547666632,0.6483972072601318,12,32,12,0,1,0.9999999916666668,0.03124999990234375,16.129083799340943,0.5377447614939089,3,4,0.6666666444444452,0.4999999875000003
bonirob_2016-05-18-10-59-09_4_frame142_hue,val,0.9931106567379024,0.9967948717944779,0.9960705484641587,0.9964325284986911,0.9964325284986911,0.8762979507446289,0.9472666549314948,0.9746789654372459,0.9607772721538578,0.9607772721538578,0.8881922364234924,0.7969617294537844,0.8025889967401416,0.7997654146502916,0.7997654146502916,0.7776352763175964,6,13,6,0,1,0.9999999833333336,0.07692307633136096,12.08989357898857,0.7146283309690397,3,3,0.9999999666666678,0.0
bonirob_2016-05-23-10-42-16_1_frame16_noise,val,0.9864654541011862,0.991667850012533,0.9935018745393178,0.9925839650824224,0.9925839650824224,0.8737819194793701,0.955513072228193,0.9567489264785723,0.9561305500002504,0.9561305500002504,0.8617696166038513,0.7938021453875507,0.6968349463589633,0.742164597077661,0.742164597077661,0.721331000328064,8,16,6,2,2,0.7499999906250002,0.12499999921874999,17.254560934751275,0.542639258024943,2,6,0.9999999500000026,0.6666666555555557
bonirob_2016-05-18-10-59-09_4_frame22_brightness,val,0.9926910400386838,0.9982874530041267,0.9941065422928984,0.9961925609625635,0.9961925609625635,0.8013296723365784,0.9272103658359907,0.9862180786180337,0.9558043106651968,0.9558043106651968,0.8724867701530457,0.809917355357956,0.928543229353957,0.8651829555507223,0.8651829555507223,0.7578409910202026,2,3,1,1,2,0.4999999750000013,0.6666666444444452,7.238120978863341,1.110199999977796,2,2,0.9999999500000026,0.0
bonirob_2016-05-23-10-57-33_4_frame72_noise,val,0.9916000366207155,0.995111941342898,0.9960761546311401,0.9955937645316236,0.9955937645316236,0.845075249671936,0.9634632417962414,0.9720732797031716,0.9677490603105142,0.9677490603105142,0.8810300230979919,0.7913322632169717,0.7171952283759908,0.7524419525398004,0.7524419525398004,0.6221827864646912,5,8,4,1,1,0.7999999840000003,0.12499999843750002,13.286034973445863,0.5658244086091928,1,1,0.9999999000000099,0.0
bonirob_2016-05-18-10-59-09_4_frame84_brightness,val,0.996925354003526,0.9985102584477937,0.9982710360602789,0.9983905829241401,0.9983905829241401,0.8889778256416321,0.9631959200938104,0.9681332763693452,0.9656582371672175,0.9656582371672175,0.8897833228111267,0.0,0.0,0.0,0.0,0.0,0,0,0,0,0,0.0,0.0,nan,nan,2,2,0.9999999500000026,0.0
bonirob_2016-05-23-10-52-28_3_frame170_rot_minus15,val,0.9925537109371214,0.9953188211170861,0.9965102017588092,0.9959141051353394,0.9959141051353394,0.8402482867240906,0.9179816871046566,0.9435322386675304,0.9305815634994871,0.9305815634994871,0.8611021041870117,0.9784730784988775,0.9576607834215434,0.9679550210282803,0.9679550210282803,0.7408905029296875,8,8,5,3,0,0.6249999921875001,0.0,6.969561856426327,0.5350289427132291,3,4,0.9999999666666678,0.24999999375000015
bonirob_2016-05-23-10-57-33_4_frame30_hue,val,0.991493225097278,0.9943645741658369,0.9968271676731125,0.9955942981212578,0.9955942981212578,0.879257321357727,0.936665165827155,0.9390610893629392,0.9378615474012735,0.9378615474012735,0.8721938133239746,0.81765834928898,0.624862486225711,0.7083765877375294,0.7083765877375294,0.6501366496086121,15,15,10,5,0,0.6666666622222223,0.0,4.203300261224103,0.7433037935228223,3,7,0.9999999666666678,0.0
bonirob_2016-05-23-11-07-45_6_frame108_noise,val,0.9959068298336045,0.9985080945944644,0.997169180712981,0.9978381385103906,0.9978381385103906,0.8432797193527222,0.9514233111389928,0.9732000579387715,0.9621884346743915,0.9621884346743915,0.8701165318489075,0.0,0.0,0.0,0.0,0.0,0,0,0,0,0,0.0,0.0,nan,nan,2,2,0.9999999500000026,0.0
bonirob_2016-05-23-10-52-28_3_frame77_brightness,val,0.9898605346675912,0.9938530999137934,0.9954816736679992,0.9946666701729984,0.9946666701729984,0.8455713391304016,0.9646755075582129,0.9785714285597789,0.9715737340463914,0.9715737340463914,0.8868794441223145,0.8051548829320134,0.7156368221791586,0.7577611607939688,0.7577611607939688,0.6892102360725403,7,16,5,2,3,0.7142857040816327,0.187499998828125,25.913319540186727,0.6135187349821501,1,1,0.9999999000000099,0.0
bonirob_2016-05-23-10-57-33_4_frame44_hue,val,0.9747619628902532,0.9807160383666179,0.9823595129030375,0.9815370376815794,0.9815370376815794,0.8308936953544617,0.0,0.0,0.0,0.0,0.0,0.9618709552775019,0.9583994995416987,0.9601320395692358,0.9601320395692358,0.7748165726661682,6,17,5,1,7,0.8333333194444447,0.4117647034602076,10.108348302020767,0.8892898733266918,0,0,0.0,0.0
bonirob_2016-05-23-10-42-16_1_frame13_hflip,val,0.9891815185543101,0.9943841152974799,0.9942566715124522,0.9943203393212956,0.9943203393212956,0.8391140699386597,0.9018657109634038,0.9354909249843046,0.9183705827552409,0.9183705827552409,0.8297592997550964,0.8327792552914635,0.755200482340814,0.7920948117543702,0.7920948117543702,0.7385810613632202,9,16,8,1,2,0.8888888790123458,0.12499999921874999,11.181313916535036,0.5200901108451832,4,5,0.9999999750000006,0.0
bonirob_2016-05-23-10-42-16_1_frame55_rot_minus15,val,0.9937057495113397,0.9966847625126068,0.996383325491886,0.996533971207174,0.996533971207174,0.8733571767807007,0.9583385228486838,0.9677399069238602,0.9630162203330898,0.9630162203330898,0.9001855850219727,0.976278724969406,0.966250917082829,0.9712388880424949,0.9712388880424949,0.8254692554473877,5,1,1,4,0,0.19999999600000007,0.0,0.22743167479593154,1.0043815723459641,3,3,0.9999999666666678,0.0
bonirob_2016-05-23-10-52-28_3_frame254_brightness,val,0.9923286437984495,0.9956913788367916,0.9964218876892549,0.9960564493240661,0.9960564493240661,0.8629748225212097,0.9006622515562184,0.8840736727102846,0.8922908192342524,0.8922908192342524,0.854794979095459,0.8667315174956756,0.8434837488033531,0.8549495741759628,0.8549495741759628,0.7566052079200745,10,17,9,1,3,0.8999999910000002,0.17647058719723183,15.854590211896193,0.5757009251303873,1,2,0.9999999000000099,0.0
bonirob_2016-05-23-10-57-33_4_frame27_noise,val,0.9914131164547,0.995380404688812,0.9957151504836793,0.9955476994472818,0.9955476994472818,0.8559973835945129,0.8588888888411728,0.9224343674867282,0.889528143338112,0.889528143338112,0.8092789053916931,0.8895844432486737,0.8654917714025464,0.8773726921982279,0.8773726921982279,0.7695273160934448,12,17,9,3,1,0.74999999375,0.058823529065743944,10.281196886883453,0.7952157938332235,4,4,0.9999999750000006,0.0
bonirob_2016-05-23-11-07-45_6_frame244_vflip,val,0.9947700500484487,0.9975224331643646,0.9966936990502833,0.9971078439092917,0.9971078439092917,0.8655170798301697,0.9689110952455828,0.9765397066425141,0.9727103940742095,0.9727103940742095,0.89817875623703,0.0,0.0,0.0,0.0,0.0,0,0,0,0,0,0.0,0.0,nan,nan,2,3,0.9999999500000026,0.0
bonirob_2016-05-18-10-59-09_4_frame3_brightness,val,0.9961204528804793,0.9973434338602665,0.9986042375344459,0.9979733874840568,0.9979733874840568,0.8449136018753052,0.968377303930535,0.9414141414058724,0.9547053345825899,0.9547053345825899,0.8479948043823242,0.0,0.0,0.0,0.0,0.0,0,0,0,0,0,0.0,0.0,nan,nan,2,2,0.9999999500000026,0.0
bonirob_2016-05-23-10-42-16_1_frame223,val,0.9829177856441563,0.9905353949461319,0.9912991603523388,0.990917080478132,0.990917080478132,0.8456636667251587,0.9435182881196378,0.9652539136952367,0.9542622966443689,0.9542622966443689,0.8617450594902039,0.7747567639507563,0.7382524764955772,0.7560642018239184,0.7560642018239184,0.7558558583259583,14,38,14,0,0,0.9999999928571429,0.0,22.757246032049043,0.7142382612405438,2,2,0.9999999500000026,0.0
bonirob_2016-05-23-10-42-16_1_frame304_noise,val,0.9779319763179863,0.986883187544056,0.988882225399779,0.9878816451797594,0.9878816451797594,0.8452596068382263,0.0,0.0,0.0,0.0,0.0,0.8858016714013707,0.8677469721869108,0.8766813253719478,0.8766813253719478,0.7582273483276367,11,29,10,1,7,0.9090909008264464,0.24137930951248512,18.872760715710264,0.7247598913352556,0,0,0.0,0.0
bonirob_2016-05-23-10-52-28_3_frame84_brightness,val,0.9851036071773586,0.9889463698602038,0.9975434161567944,0.993226240043154,0.993226240043154,0.8283597230911255,0.0,0.0,0.0,0.0,0.0,0.9192334989223672,0.6634566130451444,0.7706770904136861,0.7706770904136861,0.577946662902832,14,15,9,5,2,0.6428571382653062,0.13333333244444445,7.686141664580401,0.6125503093304135,0,1,0.0,0.9999999000000099
bonirob_2016-05-23-11-02-39_5_frame186_rot_minus15,val,0.9948310852046987,0.9968999740678325,0.9977742035695334,0.9973368472392304,0.9973368472392304,0.8720210790634155,0.9606506924387634,0.9583333333123173,0.9594905636577878,0.9594905636577878,0.8830242156982422,0.8743914313250766,0.8180989978494352,0.8453090181179032,0.8453090181179032,0.7878291010856628,10,11,9,1,0,0.8999999910000002,0.0,3.192925464244686,0.8219095282959807,2,3,0.9999999500000026,0.0
bonirob_2016-05-23-10-42-16_1_frame52_rot15,val,0.9801177978511886,0.9928798734195307,0.9928842863170324,0.9928820298633807,0.9928820298633807,0.858724057674408,0.8107142857079913,0.9756143137346948,0.885553103113308,0.885553103113308,0.7790077328681946,0.9517059502185936,0.8733267790937256,0.9108332505579302,0.9108332505579302,0.802742600440979,6,10,4,2,3,0.6666666555555557,0.2999999970000001,3.5555244112642272,0.9130202908974046,2,6,0.9999999500000026,0.6666666555555557
_2016-05-27-10-26-48_5_frame239_brightness,val,0.9974327087398539,0.9989680917787269,0.9983095948685292,0.9986386847713341,0.9986386847713341,0.9060437679290771,0.972187104923999,0.9828467644222867,0.9774878242214087,0.9774878242214087,0.9138879179954529,0.0,0.0,0.0,0.0,0.0,0,0,0,0,0,0.0,0.0,nan,nan,2,2,0.9999999500000026,0.0
bonirob_2016-05-23-10-47-22_2_frame9_vflip,val,0.9572525024410411,0.9712236597013093,0.9821923600991905,0.9766771645189718,0.9766771645189718,0.805824875831604,0.9594635781627635,0.9288875774427724,0.9439279859809687,0.9439279859809687,0.8439237475395203,0.7807702523198896,0.6915729544031827,0.7334696841985148,0.7334696841985148,0.7344246506690979,11,41,9,2,16,0.8181818107438018,0.39024390148721,27.579447006964465,8.071961548541516,1,1,0.9999999000000099,0.0
bonirob_2016-05-23-10-52-28_3_frame93_vflip,val,0.9604606628414305,0.9697083705076,0.9746113373877904,0.9721536220726453,0.9721536220726453,0.7569577693939209,0.0,0.0,0.0,0.0,0.0,0.9382905982893645,0.9264495858314165,0.9323324471263362,0.9323324471263362,0.7585952281951904,13,17,8,5,5,0.6153846106508877,0.2941176453287197,7.6588964831550985,0.5451813185900494,0,1,0.0,0.9999999000000099
_2016-05-27-10-26-48_5_frame49_rot15,val,0.9957580566402452,0.9980821963893991,0.9972433731695337,0.9976625584612857,0.9976625584612857,0.8781080842018127,0.9730838667283231,0.9811351977454031,0.9770928966019673,0.9770928966019673,0.8950647115707397,0.0,0.0,0.0,0.0,0.0,0,0,0,0,0,0.0,0.0,nan,nan,2,3,0.9999999500000026,0.3333333222222226
bonirob_2016-05-23-10-57-33_4_frame31_contrast,val,0.9925537109371214,0.9954037955498993,0.9970266168252353,0.9962144952990531,0.9962144952990531,0.8569198250770569,0.8851522842077949,0.9244532802568287,0.90437596293092,0.90437596293092,0.8661203384399414,0.7686832739909576,0.6445623341961352,0.7011721775921315,0.7011721775921315,0.6626283526420593,10,18,9,1,1,0.8999999910000002,0.05555555524691358,22.76461067177532,0.6050902422926249,1,2,0.9999999000000099,0.0
bonirob_2016-05-23-10-42-16_1_frame261_rot15,val,0.9828681945797032,0.9895443288333984,0.9914592163816246,0.9905007971184743,0.9905007971184743,0.8671783208847046,0.9780672079331412,0.9844503717099798,0.981248359079462,0.981248359079462,0.905728280544281,0.7910141206573682,0.7369050466307473,0.7630014359373624,0.7630014359373624,0.7310998439788818,7,34,6,1,6,0.8571428448979593,0.17647058771626298,38.672975059147426,5.155132411777666,1,1,0.9999999000000099,0.0
bonirob_2016-05-23-10-57-33_4_frame35_crop,val,0.9918670654293091,0.9964359181961886,0.9976727137317657,0.9970538824183955,0.9970538824183955,0.8413698673248291,0.9454545452826447,0.4403048263810072,0.6008087376260768,0.6008087376260768,0.5556195378303528,0.6586774472810085,0.7236675126673964,0.689644696877274,0.689644696877274,0.6532707214355469,8,19,8,0,2,0.9999999875000002,0.10526315734072021,15.13385888934037,0.7350305055776729,1,1,0.9999999000000099,0.0
bonirob_2016-05-23-10-42-16_1_frame97_rot15,val,0.9935417175289178,0.9961286676031434,0.9973139743098901,0.9967209185631548,0.9967209185631548,0.9020742177963257,0.980591497136729,0.980591497136729,0.9805914471367315,0.9805914471367315,0.9354678988456726,0.7559026516252851,0.6800653594548999,0.7159813710678649,0.7159813710678649,0.708362877368927,9,18,6,3,1,0.6666666592592594,0.05555555524691358,24.128142488111664,0.47152559209451345,1,1,0.9999999000000099,0.0
bonirob_2016-05-23-10-47-22_2_frame291_brightness,val,0.9940910339351676,0.9969830412357583,0.9961577789479059,0.9965701892414354,0.9965701892414354,0.8603603839874268,0.976166941238396,0.9812049788839422,0.9786794264129287,0.9786794264129287,0.8974186182022095,0.0,0.0,0.0,0.0,0.0,0,0,0,0,0,0.0,0.0,nan,nan,2,3,0.9999999500000026,0.3333333222222226
bonirob_2016-05-23-10-52-28_3_frame79_rot_minus15,val,0.9903259277339972,0.9938469349511849,0.9961308562193069,0.9949875349434613,0.9949875349434613,0.870067298412323,0.970585453504487,0.9614916143449687,0.9660170826287482,0.9660170826287482,0.8712455630302429,0.7948265725809869,0.698527512252686,0.7435720662331203,0.7435720662331203,0.7250131368637085,13,15,9,4,1,0.6923076869822486,0.06666666622222223,12.856710510643126,0.536806019549076,2,2,0.9999999500000026,0.0
bonirob_2016-05-23-10-42-16_1_frame5_vflip,val,0.9842491149898589,0.9916203163164756,0.9918638925753746,0.9917420394900759,0.9917420394900759,0.8701150417327881,0.9691189462654842,0.9634701373324678,0.966286236282847,0.966286236282847,0.8520258665084839,0.7243327488656861,0.7371134020472421,0.7306671407136501,0.7306671407136501,0.7148895859718323,8,21,6,2,1,0.7499999906250002,0.04761904739229025,22.187863976472162,0.5755849975551898,2,6,0.9999999500000026,0.4999999916666668
bonirob_2016-05-23-10-52-28_3_frame126_crop,val,0.9822654724117347,0.9892332710170243,0.9919485356903553,0.9905889926809743,0.9905889926809743,0.8520160913467407,0.9386622258967898,0.9286106534615978,0.9336093357589778,0.9336093357589778,0.8569616079330444,0.8516069635014093,0.8085664335600081,0.8295287287648211,0.8295287287648211,0.7266176342964172,12,47,12,0,3,0.9999999916666668,0.06382978709823449,35.98180535624078,0.4267397673204533,2,3,0.9999999500000026,0.0
bonirob_2016-05-23-10-42-16_1_frame236,val,0.9885940551754041,0.9924406470976039,0.9945205359828349,0.9934794529589265,0.9934794529589265,0.8863242268562317,0.9754170900358077,0.9827290139324261,0.9790593502376457,0.9790593502376457,0.9093768000602722,0.7615675164890667,0.5709734513072222,0.652640048103504,0.652640048103504,0.6792677640914917,13,21,10,3,1,0.7692307633136095,0.04761904739229025,24.866470421585245,0.48913164707275014,3,3,0.9999999666666678,0.0
bonirob_2016-05-23-10-42-16_1_frame1_rot15,val,0.975807189941034,0.9831064845006251,0.9896119490657278,0.9863484401973818,0.9863484401973818,0.8178372383117676,0.9701515943493457,0.9755571909116086,0.9728468336772096,0.9728468336772096,0.8961225152015686,0.8159743126548668,0.7007928300525612,0.7540101496322974,0.7540101496322974,0.7735542058944702,4,20,4,0,8,0.9999999750000006,0.39999999799999997,19.559983739558675,0.5243935909489725,2,3,0.9999999500000026,0.3333333222222226
bonirob_2016-05-23-10-52-28_3_frame86_hue,val,0.9897117614742318,0.9937434912122314,0.9953626399391138,0.9945523565755275,0.9945523565755275,0.8771456480026245,0.9603399433345322,0.9591049382633821,0.9597219934868356,0.9597219934868356,0.8908217549324036,0.7511805303032626,0.6583890480529008,0.7017305236574093,0.7017305236574093,0.6813231706619263,11,20,8,3,0,0.7272727206611571,0.0,9.606603706251263,0.7227637052786489,2,3,0.9999999500000026,0.0
bonirob_2016-05-23-10-52-28_3_frame110_hue,val,0.972209930419551,0.9830887920269371,0.9870517846425425,0.9850662524999597,0.9850662524999597,0.8438959121704102,0.9038888888721502,0.9209433962090389,0.9123363985854478,0.9123363985854478,0.846794843673706,0.7877347086728363,0.7246108228263557,0.7548553499036684,0.7548553499036684,0.7073838114738464,10,56,10,0,1,0.9999999900000002,0.017857142825255103,31.51557908905955,0.5283868290915611,3,4,0.9999999666666678,0.0
bonirob_2016-05-23-11-02-39_5_frame34_brightness,val,0.9915084838863405,0.9935932295556923,0.9969392887891874,0.9952633968315917,0.9952633968315917,0.7787729501724243,0.9731769276712,0.9452790478229723,0.9590250945050756,0.9590250945050756,0.8185462355613708,0.0,0.0,0.0,0.0,0.0,0,0,0,0,0,0.0,0.0,nan,nan,2,4,0.9999999500000026,0.24999999375000015
bonirob_2016-05-23-11-02-39_5_frame150_hflip,val,0.9908370971675907,0.9953911094052086,0.9949088560062196,0.9951498742802699,0.9951498742802699,0.8054647445678711,0.9523415977830256,0.9624164810556457,0.9573524839122515,0.9573524839122515,0.8592648506164551,0.8749829211521385,0.8802749140772471,0.8776208901008052,0.8776208901008052,0.7662060856819153,7,10,7,0,0,0.9999999857142858,0.0,10.448785080413002,0.7084103134096553,1,1,0.9999999000000099,0.0
bonirob_2016-05-23-10-42-16_1_frame40_contrast,val,0.9891242980953258,0.9952985735159855,0.9929807123607671,0.9941382419008,0.9941382419008,0.8694779276847839,0.9551332805426554,0.9746835442972348,0.9648093341629266,0.9648093341629266,0.8961811065673828,0.7479794268736718,0.7994764397696472,0.772871011657986,0.772871011657986,0.7876446843147278,10,18,8,2,0,0.7999999920000002,0.0,22.572280409902923,0.6675403073773395,2,3,0.9999999500000026,0.0
bonirob_2016-05-23-10-52-28_3_frame277_hue,val,0.9906692504879033,0.9948402150037016,0.9955807511935515,0.9952102953403783,0.9952102953403783,0.8619245290756226,0.8890117993772488,0.9111866968665463,0.8999626226130407,0.8999626226130407,0.8503825664520264,0.7929912390289614,0.7452364149436548,0.7683724942934433,0.7683724942934433,0.7437286972999573,10,19,9,1,1,0.8999999910000002,0.052631578670360106,12.22879586035311,0.5933379448782458,2,4,0.9999999500000026,0.0
bonirob_2016-05-23-10-52-28_3_frame114_hue,val,0.9771270751949398,0.9851811196483341,0.9902102853751255,0.9876892506142241,0.9876892506142241,0.8462835550308228,0.9535642005739423,0.9539932508329134,0.9537786274521669,0.9537786274521669,0.8454031944274902,0.7841133816657425,0.6898318190538388,0.7339571694483712,0.7339571694483712,0.6811845302581787,19,41,14,5,0,0.7368421013850416,0.0,28.306637736114276,0.3887280605879292,2,3,0.9999999500000026,0.0
bonirob_2016-05-23-10-42-16_1_frame9_contrast,val,0.9922561645504028,0.9959786746692247,0.9959628598985372,0.9959707172211038,0.9959707172211038,0.8766494393348694,0.9566624707614338,0.964292187765737,0.9604621272717705,0.9604621272717705,0.8974721431732178,0.8340461933097937,0.8269720101605816,0.83049398746193,0.83049398746193,0.8006707429885864,10,14,9,1,2,0.8999999910000002,0.1428571418367347,3.3273159849081964,0.7538705614590885,1,1,0.9999999000000099,0.0
bonirob_2016-05-17-11-42-26_14_frame26_hue,val,0.9967498779293072,0.9982393316610303,0.998374242273279,0.9983067324092214,0.9983067324092214,0.8800119757652283,0.9614508165499291,0.9580849654559741,0.9597648900412938,0.9597648900412938,0.8976307511329651,0.0,0.0,0.0,0.0,0.0,0,0,0,0,0,0.0,0.0,nan,nan,2,2,0.9999999500000026,0.0
bonirob_2016-05-23-10-52-28_3_frame108_crop,val,0.9578285217281503,0.9825562676142079,0.9849934561914219,0.9837733024396036,0.9837733024396036,0.8446006178855896,0.9139472767284409,0.6627926562181,0.7683670491376182,0.7683670491376182,0.6636167764663696,0.7627592896554143,0.8482698531207026,0.8032451471675318,0.8032451471675318,0.692638635635376,11,56,11,0,6,0.9999999909090911,0.10714285695153061,32.72459510034478,0.5567611796289399,2,6,0.9999999500000026,0.6666666555555557
bonirob_2016-05-23-10-42-16_1_frame192_hue,val,0.987045288085561,0.9933734086437871,0.9916088551098088,0.9924902975753298,0.9924902975753298,0.8480952978134155,0.9748346861356518,0.9803649658010641,0.9775919547743501,0.9775919547743501,0.8880420327186584,0.746706725196517,0.7870889159369772,0.766366173925403,0.766366173925403,0.727899432182312,7,12,7,0,2,0.9999999857142858,0.1666666652777778,3.6693651416343873,0.8649557431690919,2,2,0.9999999500000026,0.0
bonirob_2016-05-23-10-42-16_1_frame60_hflip,val,0.9800033569332199,0.988739127930012,0.9896838013026045,0.9892111890811831,0.9892111890811831,0.8235610723495483,0.9275096347783537,0.9244558258473669,0.9259801625152361,0.9259801625152361,0.8267114758491516,0.8453192581127092,0.832262721033329,0.8387401303868056,0.8387401303868056,0.7546114921569824,7,19,7,0,6,0.9999999857142858,0.3157894720221607,16.56865084443881,0.6566165758625486,1,3,0.9999999000000099,0.0
bonirob_2016-05-23-11-02-39_5_frame208_hue,val,0.9931716918941523,0.9959092025119017,0.9969989137411703,0.9964537102024913,0.9964537102024913,0.8772615194320679,0.9603274559042769,0.9635128731485783,0.9619174773838515,0.9619174773838515,0.8978584408760071,0.8457544288073992,0.7754130495442337,0.8090576564254992,0.8090576564254992,0.7616348266601562,9,20,9,0,0,0.9999999888888891,0.0,10.669143421567492,0.5514660141146519,2,4,0.9999999500000026,0.0
bonirob_2016-05-23-10-47-22_2_frame78_crop,val,0.9917297363277466,0.9945040183953762,0.9957054935030792,0.9951043432883262,0.9951043432883262,0.8493138551712036,0.9779785431936335,0.9713511239870745,0.9746535174910851,0.9746535174910851,0.8756591081619263,0.0,0.0,0.0,0.0,0.0,0,0,0,0,0,0.0,0.0,nan,nan,2,2,0.9999999500000026,0.0
bonirob_2016-05-23-10-57-33_4_frame294_brightness,val,0.9942817687984489,0.997249583429585,0.9964299262377254,0.9968395363417123,0.9968395363417123,0.8449569940567017,0.9664713152295719,0.9738089499438667,0.9701262080755514,0.9701262080755514,0.8620303869247437,0.0,0.0,0.0,0.0,0.0,0,0,0,0,0,0.0,0.0,nan,nan,2,3,0.9999999500000026,0.3333333222222226
bonirob_2016-05-23-10-57-33_4_frame22,val,0.9891357421871226,0.994660094474843,0.9936478756489615,0.9941536774089367,0.9941536774089367,0.8697869181632996,0.952779546893342,0.9669436749679875,0.9598093079518576,0.9598093079518576,0.8957275748252869,0.8664156821904918,0.8763130251985778,0.8713361990926614,0.8713361990926614,0.7508891224861145,13,21,11,2,2,0.8461538396449705,0.0952380947845805,13.152949415584432,0.6179354568204706,2,3,0.9999999500000026,0.0
bonirob_2016-05-23-10-42-16_1_frame83_crop,val,0.9887542724605604,0.9929118450636096,0.9936369985251925,0.9932742394423806,0.9932742394423806,0.8770671486854553,0.9845680607946425,0.9800838844119597,0.9823208051989571,0.9823208051989571,0.8931130766868591,0.8110926759703463,0.8143741075484442,0.8127300295439016,0.8127300295439016,0.7939281463623047,4,15,4,0,0,0.9999999750000006,0.0,34.81142542245943,0.46603883470601704,2,2,0.9999999500000026,0.0
bonirob_2016-05-23-10-42-16_1_frame207_rot_minus15,val,0.9864501953121237,0.9922864580599121,0.9926419826444327,0.9924641385128096,0.9924641385128096,0.8635784983634949,0.964487569012498,0.967807500652479,0.9661446327977018,0.9661446327977018,0.8756106495857239,0.7298028604279164,0.6806056236236263,0.7043461541009685,0.7043461541009685,0.6915864944458008,7,11,5,2,3,0.7142857040816327,0.2727272702479339,6.356527377447492,0.6455706631159391,3,2,0.6666666444444452,0.0
bonirob_2016-05-23-10-42-16_1_frame253_rot15,val,0.9890556335445446,0.9929328022325757,0.994950246323841,0.9939404505558999,0.9939404505558999,0.8779730200767517,0.9728820597966242,0.9679778530659946,0.9704237104039072,0.9704237104039072,0.8837571144104004,0.7636441770191816,0.6623183003853031,0.7093811877490961,0.7093811877490961,0.7030651569366455,9,18,7,2,0,0.7777777691358027,0.0,34.94378749559654,0.33000090808708216,2,2,0.9999999500000026,0.0
_2016-05-27-10-26-48_5_frame133_hue,val,0.996864318847276,0.9985109525472778,0.9981815475348309,0.9983461728692072,0.9983461728692072,0.8828011155128479,0.9669179535902296,0.9727560562478995,0.969828169050743,0.969828169050743,0.9050031304359436,0.0,0.0,0.0,0.0,0.0,0,0,0,0,0,0.0,0.0,nan,nan,2,3,0.9999999500000026,0.0
bonirob_2016-05-23-10-57-33_4_frame54_brightness,val,0.9857368469234521,0.9926336563961096,0.99170699442347,0.9921700590400959,0.9921700590400959,0.8362597227096558,0.9227730594326926,0.933839696163625,0.9282733455724472,0.9282733455724472,0.8727964758872986,0.9137182548246487,0.9218724336111586,0.9177771827106735,0.9177771827106735,0.8102375268936157,7,12,6,1,3,0.8571428448979593,0.2499999979166667,4.9773525493226645,0.7908732612160346,2,2,0.9999999500000026,0.0
bonirob_2016-05-17-11-42-26_14_frame188,val,0.9896430969234506,0.9933423656307693,0.9957322479241575,0.9945358210502562,0.9945358210502562,0.8725467324256897,0.9594619839252805,0.9475140669592517,0.9534505463638397,0.9534505463638397,0.8445011377334595,0.7686042206305589,0.6563389187272736,0.7080490635195026,0.7080490635195026,0.6650686860084534,9,8,6,3,1,0.6666666592592594,0.12499999843750002,7.319686822669209,0.66807487540972,3,4,0.9999999666666678,0.0
bonirob_2016-05-23-10-57-33_4_frame109_noise,val,0.9948120117183705,0.9972252238341319,0.9975254977953392,0.9973752882143082,0.9973752882143082,0.852575957775116,0.0,0.0,0.0,0.0,0.0,0.7880291005030414,0.7682140554233329,0.7779953793003719,0.7779953793003719,0.7039857506752014,6,11,6,0,0,0.9999999833333336,0.0,6.681890157114833,0.8052704113589385,0,0,0.0,0.0
bonirob_2016-05-18-10-59-09_4_frame22_hue,val,0.9941253662105582,0.9971354662599993,0.996755822069533,0.9969455580219494,0.9969455580219494,0.8583856821060181,0.9632694248039704,0.9673692744027692,0.9653149464414189,0.9653149464414189,0.9046980738639832,0.8762886597767694,0.8892617449488894,0.8827274899089876,0.8827274899089876,0.8067187070846558,2,4,2,0,2,0.9999999500000026,0.4999999875000003,4.114195932789186,0.7564515147399444,2,2,0.9999999500000026,0.0
bonirob_2016-05-23-11-12-51_7_frame2_rot15,val,0.996742248534776,0.9985207580199238,0.9980192164356435,0.998269874232817,0.998269874232817,0.8855170607566833,0.9682385035011156,0.9761000523770553,0.9721533346299307,0.9721533346299307,0.8979819416999817,0.0,0.0,0.0,0.0,0.0,0,0,0,0,0,0.0,0.0,nan,nan,2,2,0.9999999500000026,0.0
bonirob_2016-05-23-10-52-28_3_frame272_crop,val,0.9962806701656356,0.9980712084737464,0.9981064244349664,0.9980887661437243,0.9980887661437243,0.8640240430831909,0.9515673981042074,0.9636507936354977,0.9575709279048703,0.9575709279048703,0.8850388526916504,0.7448680350813977,0.6588845654138931,0.6992428957210809,0.6992428957210809,0.6233350038528442,4,3,2,2,1,0.4999999875000003,0.3333333222222226,2.0418757066392295,0.9531593400825931,1,1,0.9999999000000099,0.0
bonirob_2016-05-23-10-52-28_3_frame134_crop,val,0.9727325439449415,0.9839621439168449,0.9892410896957542,0.9865945053777959,0.9865945053777959,0.8281069993972778,0.9565217391027095,0.7649513212618231,0.8500772303500033,0.8500772303500033,0.7140722274780273,0.7996377045946843,0.7777987540068101,0.7885670037240912,0.7885670037240912,0.6844596266746521,8,33,7,1,4,0.8749999890625002,0.12121212084481175,29.6536651717685,0.6018794242192987,5,6,0.9999999800000003,0.0
bonirob_2016-05-18-10-59-09_4_frame142_contrast,val,0.9936103820796991,0.9963455975496575,0.9970420510548318,0.996693652638139,0.996693652638139,0.8825318813323975,0.964947330167727,0.9609332609701405,0.9629360623525001,0.9629360623525001,0.8934813737869263,0.8286594760915668,0.7911150338102055,0.8094520872692063,0.8094520872692063,0.7885934114456177,6,12,6,0,1,0.9999999833333336,0.0833333326388889,10.487893353733917,0.708643132906711,3,3,0.9999999666666678,0.0
bonirob_2016-05-23-10-42-16_1_frame4_hue,val,0.9789733886715015,0.9889370336703984,0.9877761967289238,0.988356224345382,0.988356224345382,0.8372045159339905,0.9310975180979322,0.9551388387958518,0.9429649172472097,0.9429649172472097,0.8750188946723938,0.831515044863351,0.8257033024565288,0.8285989329847612,0.8285989329847612,0.7354595065116882,5,19,4,1,5,0.7999999840000003,0.26315789335180056,32.883265106045855,1.0363670104186524,3,4,0.9999999666666678,0.24999999375000015
bonirob_2016-05-23-10-52-28_3_frame144_contrast,val,0.981178283691032,0.9897481488596859,0.990485923253786,0.9901168486207058,0.9901168486207058,0.8098741173744202,0.8631512868259164,0.8819756253443248,0.8724618788844716,0.8724618788844716,0.8173636198043823,0.8011070110627203,0.7851717902279821,0.7930593107284,0.7930593107284,0.7167049646377563,16,24,11,5,3,0.6874999957031249,0.12499999947916667,12.314554876110627,0.7060230636265434,1,2,0.9999999000000099,0.0
bonirob_2016-05-23-10-42-16_1_frame296_brightness,val,0.9801101684566573,0.9874668802756434,0.9911638704140194,0.989311871508036,0.989311871508036,0.8613976240158081,0.9680562531294017,0.9712759524191565,0.9696633800854684,0.9696633800854684,0.8502758145332336,0.7892392049258711,0.7126353790540212,0.7489836348745226,0.7489836348745226,0.7327193021774292,7,36,6,1,14,0.8571428448979593,0.38888888780864195,17.65488730199357,0.4314828853016602,1,1,0.9999999000000099,0.0
bonirob_2016-05-18-10-59-09_4_frame122_rot_minus15,val,0.9904365539547003,0.995056626996733,0.9949254196514143,0.9949909689985681,0.9949909689985681,0.8462049961090088,0.9562822719339497,0.9672701949748459,0.9617448002588408,0.9617448002588408,0.8692976832389832,0.7217527386315571,0.7071450475097472,0.7143741755097404,0.7143741755097404,0.7504255175590515,5,8,3,2,2,0.5999999880000002,0.24999999687500005,13.878085650473752,0.7126878902576358,2,2,0.9999999500000026,0.0
bonirob_2016-05-23-10-42-16_1_frame117_brightness,val,0.9883575439449355,0.9934476439129225,0.9937802928197148,0.9936138905247013,0.9936138905247013,0.8637763261795044,0.9645351696952064,0.9681544386246265,0.9663413653315087,0.9663413653315087,0.8839765191078186,0.7283380681559539,0.6901076715783948,0.7087076210553744,0.7087076210553744,0.7009372711181641,10,14,6,4,2,0.5999999940000001,0.1428571418367347,12.868172312774982,0.5249075977691239,3,4,0.9999999666666678,0.24999999375000015
bonirob_2016-05-23-10-42-16_1_frame277_contrast,val,0.9838600158687653,0.9903801267812077,0.9911541517848917,0.9907669381086106,0.9907669381086106,0.8786234259605408,0.9704294346874157,0.9777713729834716,0.9740865195184282,0.9740865195184282,0.8921350836753845,0.7584609185987418,0.703343919284451,0.7298632824209964,0.7298632824209964,0.7404764890670776,13,28,12,1,3,0.9230769159763315,0.10714285676020407,16.484037670610352,0.6740414469327649,2,3,0.9999999500000026,0.0
bonirob_2016-05-23-10-42-16_1_frame260_noise,val,0.9861755371089989,0.9920190501797918,0.9922600686350596,0.9921394947698975,0.9921394947698975,0.8623173832893372,0.9671040404379916,0.9750412232012627,0.9710563629331866,0.9710563629331866,0.873959481716156,0.80839727193503,0.7636400241440782,0.7853814594973008,0.7853814594973008,0.7583446502685547,10,20,9,1,0,0.8999999910000002,0.0,22.112364207760816,0.5637896588728595,5,9,0.9999999800000003,0.0
bonirob_2016-05-23-10-52-28_3_frame175_brightness,val,0.9770240783687679,0.9847250886707017,0.9904125424160102,0.9875605769675452,0.9875605769675452,0.8238715529441833,0.8690476188751889,0.7711267604276186,0.8171641291302382,0.8171641291302382,0.7238765954971313,0.8809359944894862,0.8229882783479747,0.8509767322975217,0.8509767322975217,0.7360984683036804,13,26,11,2,4,0.8461538396449705,0.15384615325443787,19.41328614000926,0.6954209374572117,1,2,0.9999999000000099,0.0
_2016-05-27-10-26-48_5_frame85_vflip,val,0.9943580627437613,0.9960976314019668,0.9976184299495202,0.9968574006462847,0.9968574006462847,0.857057511806488,0.9789837123734182,0.965969264947358,0.9724328962624325,0.9724328962624325,0.8929505944252014,0.0,0.0,0.0,0.0,0.0,0,0,0,0,0,0.0,0.0,nan,nan,4,5,0.9999999750000006,0.0
_2016-05-27-10-26-48_5_frame68_hflip,val,0.9947090148921987,0.9976187823183248,0.9966604272999775,0.9971393245394173,0.9971393245394173,0.8159177899360657,0.9591548585499513,0.9705582202216013,0.9648227961253387,0.9648227961253387,0.8331204652786255,0.0,0.0,0.0,0.0,0.0,0,0,0,0,0,0.0,0.0,nan,nan,2,2,0.9999999500000026,0.0
_2016-05-27-10-26-48_5_frame75_hflip,val,0.9969596862789165,0.9986026243195877,0.9981793372945201,0.9983908859418933,0.9983908859418933,0.8266640901565552,0.9689757171289194,0.9760254988845896,0.972487781814167,0.972487781814167,0.8353549242019653,0.0,0.0,0.0,0.0,0.0,0,0,0,0,0,0.0,0.0,nan,nan,1,1,0.9999999000000099,0.0
_2016-05-27-10-26-48_5_frame74_vflip,val,0.9961357116695418,0.998208113660944,0.9977591593858594,0.9979835360316116,0.9979835360316116,0.8476012349128723,0.9488739556760908,0.9587118084139947,0.9537674640266733,0.9537674640266733,0.8679309487342834,0.0,0.0,0.0,0.0,0.0,0,0,0,0,0,0.0,0.0,nan,nan,3,4,0.9999999666666678,0.0
bonirob_2016-05-23-10-52-28_3_frame158_hue,val,0.9857826232906396,0.9890593110750662,0.9963979800433198,0.9927150329256011,0.9927150329256011,0.8771809935569763,0.903522205172147,0.896315989331701,0.8999046210818376,0.8999046210818376,0.8202837109565735,0.7607758620416388,0.4550923936301012,0.5695078853849312,0.5695078853849312,0.5369603633880615,16,24,12,4,2,0.7499999953125,0.0833333329861111,15.690341915332882,0.5295139812798683,2,3,0.9999999500000026,0.0
bonirob_2016-05-23-10-42-16_1_frame17_noise,val,0.9886932373043104,0.994342379437893,0.9933610337044713,0.993851414321915,0.993851414321915,0.8548741340637207,0.9522810383013471,0.9715002140482447,0.9617945733946648,0.9617945733946648,0.8730248212814331,0.823038030318245,0.8067226890582477,0.8147986442201434,0.8147986442201434,0.7652305960655212,8,15,8,0,1,0.9999999875000002,0.06666666622222223,20.303302411552647,0.6687458985997069,2,2,0.9999999500000026,0.0
bonirob_2016-05-23-10-57-33_4_frame29_crop,val,0.9862861633297019,0.9963836158255697,0.9968406944085888,0.9966120527093273,0.9966120527093273,0.8695195317268372,0.7212586719434928,0.9511517725706395,0.8204043756496435,0.8204043756496435,0.7056989073753357,0.8660140715550317,0.5306466729047676,0.65806596867421,0.65806596867421,0.6094764471054077,8,10,6,2,3,0.7499999906250002,0.2999999970000001,8.920292501779759,0.9717448146876498,1,2,0.9999999000000099,0.4999999750000013
bonirob_2016-05-23-10-42-16_1_frame188_noise,val,0.986751556396108,0.9916696382152698,0.9933981184202854,0.9925330757883869,0.9925330757883869,0.8686537146568298,0.9678666616578405,0.9754464285677381,0.971641712918471,0.971641712918471,0.8791043162345886,0.7527352297318478,0.6153846153662677,0.6771653048124403,0.6771653048124403,0.6737643480300903,9,19,7,2,0,0.7777777691358027,0.0,20.345850174521846,0.3942716235429621,3,3,0.9999999666666678,0.0
bonirob_2016-05-23-11-07-45_6_frame244_crop,val,0.9954299926754016,0.9968459488291342,0.9980593019441036,0.9974522063902225,0.9974522063902225,0.8805871605873108,0.9830426536722954,0.9726975015602431,0.9778426665769071,0.9778426665769071,0.8985830545425415,0.0,0.0,0.0,0.0,0.0,0,0,0,0,0,0.0,0.0,nan,nan,4,3,0.7499999812500004,0.0
bonirob_2016-05-23-11-02-39_5_frame303_vflip,val,0.9930419921871212,0.997468021308097,0.9965699670935962,0.9970187419726728,0.9970187419726728,0.8659029603004456,0.9037730330373827,0.9615683833676433,0.931775298695846,0.931775298695846,0.869568407535553,0.8823659725103596,0.8476271546957305,0.8646477303118246,0.8646477303118246,0.8271041512489319,3,5,3,0,2,0.9999999666666678,0.39999999200000014,5.713342366340766,0.8902208660525733,2,4,0.9999999500000026,0.24999999375000015
bonirob_2016-05-18-10-59-09_4_frame84_rot15,val,0.9967803955074322,0.9984702456789439,0.9981592764874531,0.9983146868669325,0.9983146868669325,0.8832266926765442,0.9608559055705115,0.9672621591506345,0.9640483398372894,0.9640483398372894,0.8870814442634583,0.0,0.0,0.0,0.0,0.0,0,0,0,0,0,0.0,0.0,nan,nan,2,2,0.9999999500000026,0.0
bonirob_2016-05-23-10-52-28_3_frame25_vflip,val,0.9809379577632976,0.9885306704703222,0.9895252992139627,0.9890276847768529,0.9890276847768529,0.8556708693504333,0.9719745702103901,0.975313302125263,0.9736410239484352,0.9736410239484352,0.8895690441131592,0.7881334022648897,0.7568272095238726,0.7721630705781303,0.7721630705781303,0.7387198805809021,9,24,8,1,3,0.8888888790123458,0.12499999947916667,17.18298944661255,0.8952761169777776,2,2,0.9999999500000026,0.0
bonirob_2016-05-23-10-47-22_2_frame88,val,0.9949493408199329,0.9975089554948899,0.9968933992125731,0.9972010323604853,0.9972010323604853,0.8769054412841797,0.9713974393860318,0.9769480646511801,0.9741647954539903,0.9741647954539903,0.9005885720252991,0.0,0.0,0.0,0.0,0.0,0,0,0,0,0,0.0,0.0,nan,nan,3,4,0.9999999666666678,0.24999999375000015
bonirob_2016-05-23-10-42-16_1_frame193_vflip,val,0.9910049438472782,0.9947163413990213,0.9961477672810852,0.9954314897444227,0.9954314897444227,0.8635256886482239,0.9591289782164226,0.9646226415013087,0.9618679157238953,0.9618679157238953,0.8727506995201111,0.7718584790251379,0.6583420048332175,0.7105952329540557,0.7105952329540557,0.6895020604133606,11,20,10,1,0,0.9090909008264464,0.0,10.357704013339958,0.588371816507723,3,4,0.9999999666666678,0.24999999375000015
_2016-05-27-10-26-48_5_frame282_crop,val,0.9976501464839944,0.9987268406242932,0.9987833566418223,0.9987550478335497,0.9987550478335497,0.9138110280036926,0.979828850849091,0.9786324786258401,0.9792302493214137,0.9792302493214137,0.9079866409301758,0.0,0.0,0.0,0.0,0.0,0,0,0,0,0,0.0,0.0,nan,nan,3,3,0.9999999666666678,0.0
bonirob_2016-05-23-10-52-28_3_frame2_noise,val,0.9951705932613392,0.9974445220109591,0.9971998155765558,0.9973221037832554,0.9973221037832554,0.8791045546531677,0.9743301407539092,0.9765263689674846,0.9754269686298195,0.9754269686298195,0.8909040093421936,0.0,0.0,0.0,0.0,0.0,0,0,0,0,0,0.0,0.0,nan,nan,3,3,0.9999999666666678,0.0
bonirob_2016-05-23-10-42-16_1_frame9_hflip,val,0.9912986755367312,0.9952780213715184,0.9956691569341142,0.9954735007321559,0.9954735007321559,0.8526838421821594,0.9509467989007945,0.9561196736000703,0.9535261705979559,0.9535261705979559,0.868774950504303,0.8214129960570996,0.7989395545959929,0.8100203779031807,0.8100203779031807,0.7727266550064087,10,14,9,1,2,0.8999999910000002,0.1428571418367347,3.7862278417794846,0.749371824403632,1,2,0.9999999000000099,0.0
bonirob_2016-05-23-10-57-33_4_frame64_brightness,val,0.9768867492672054,0.9836674870016111,0.9908204488246406,0.9872309614246834,0.9872309614246834,0.8002071380615234,0.9598993785001495,0.9378343212239724,0.9487385240331059,0.9487385240331059,0.829818069934845,0.8900532653954952,0.8163232795198793,0.8515953411810339,0.8515953411810339,0.6501384973526001,10,17,8,2,4,0.7999999920000002,0.23529411626297578,15.827166716695828,2.0459090646007683,1,2,0.9999999000000099,0.4999999750000013
bonirob_2016-05-23-10-57-33_4_frame64_rot15,val,0.9669837951656467,0.9913305644511479,0.9935471198166974,0.9924375544965935,0.9924375544965935,0.8544455766677856,0.5494145582530957,0.9707754629489183,0.7016993002392335,0.7016993002392335,0.6241614818572998,0.8940037538190851,0.5670781377243744,0.6939651392168256,0.6939651392168256,0.6973119974136353,8,16,7,1,3,0.8749999890625002,0.187499998828125,24.291838968653728,0.4683288058570324,1,6,0.9999999000000099,0.8333333194444447
bonirob_2016-05-23-10-52-28_3_frame169_rot15,val,0.9798202514644699,0.9839932690704546,0.9914856428151325,0.9877251978282091,0.9877251978282091,0.7664065957069397,0.8395823445258861,0.6259731068426762,0.7172105733724707,0.7172105733724707,0.6774516701698303,0.972293423020206,0.9618050975377599,0.9670207719743777,0.9670207719743777,0.7600235342979431,4,3,2,2,1,0.4999999875000003,0.3333333222222226,1.7074638049665751,0.5400801725562311,3,4,0.9999999666666678,0.0
bonirob_2016-05-23-10-52-28_3_frame272_vflip,val,0.9947509765621205,0.9970294845324404,0.9975482467200911,0.9972887481648228,0.9972887481648228,0.8414000868797302,0.9556714471761045,0.9509189188983586,0.9532892097607275,0.9532892097607275,0.8824828267097473,0.8874528809669506,0.8621501438435222,0.8746184984813474,0.8746184984813474,0.7713056206703186,6,5,4,2,0,0.6666666555555557,0.0,3.7762936860344762,0.7256739049784633,1,1,0.9999999000000099,0.0
bonirob_2016-05-23-10-57-33_4_frame62_noise,val,0.9863586425777487,0.9917784186588967,0.9934143723341498,0.9925956714198555,0.9925956714198555,0.8550456762313843,0.9567257194807315,0.9527894002722958,0.9547534526664058,0.9547534526664058,0.8409419059753418,0.8429310902484158,0.7991105658518769,0.8204360674752649,0.8204360674752649,0.7421277165412903,11,22,10,1,5,0.9090909008264464,0.2272727262396694,12.433845928237599,0.8632243168268783,3,6,0.9999999666666678,0.16666666388888893
bonirob_2016-05-23-10-52-28_3_frame129_hflip,val,0.9856033325191552,0.9911741718266934,0.9936833222827662,0.992427111088054,0.992427111088054,0.8549513816833496,0.9126873126690772,0.9167168372282417,0.914697587146527,0.914697587146527,0.8291413187980652,0.8515175300778189,0.7845949855257401,0.8166875284924817,0.8166875284924817,0.686508297920227,13,30,11,2,3,0.8461538396449705,0.09999999966666666,21.074036605456,0.5491132519746684,2,3,0.9999999500000026,0.0
bonirob_2016-05-23-10-52-28_3_frame122_hue,val,0.9807243347164227,0.9885620784287806,0.991199111085754,0.9898787884997677,0.9898787884997677,0.8521345257759094,0.9419099756404529,0.9250298685506264,0.9333935605847595,0.9333935605847595,0.8492833971977234,0.7748932344259958,0.7255603493557238,0.7494157426658744,0.7494157426658744,0.7131343483924866,7,52,5,2,0,0.7142857040816327,0.0,59.98875062339174,0.4735329520382342,2,3,0.4999999750000013,0.0
bonirob_2016-05-23-10-42-16_1_frame5_crop,val,0.9874076843257952,0.9918613300932747,0.9949795783194635,0.9934179572385571,0.9934179572385571,0.8793869018554688,0.9831567763476667,0.9619935789605198,0.9724600000755517,0.9724600000755517,0.8679510951042175,0.6911366711538858,0.689271255037474,0.69020265267948,0.69020265267948,0.7052274346351624,7,14,5,2,1,0.7142857040816327,0.07142857091836735,19.505905321554263,0.5437435317672648,2,2,0.9999999500000026,0.0
_2016-05-27-10-26-48_5_frame140,val,0.9956130981441514,0.9977113002572823,0.9977506718384123,0.9977309356594382,0.9977309356594382,0.8678460121154785,0.9613095237916424,0.9582792508630025,0.9597919455250636,0.9597919455250636,0.8795584440231323,0.8919080322218004,0.8937761819002461,0.8928410798493225,0.8928410798493225,0.7933011054992676,2,3,2,0,0,0.9999999500000026,0.0,28.11646019022048,0.555553308161996,2,4,0.9999999500000026,0.24999999375000015
bonirob_2016-05-23-10-47-22_2_frame230_contrast,val,0.9955520629879014,0.9977549249787221,0.9974514228866346,0.9976031008489744,0.9976031008489744,0.8799048066139221,0.9672736869835457,0.9710667161201257,0.9691664403695129,0.9691664403695129,0.8983891606330872,0.0,0.0,0.0,0.0,0.0,0,0,0,0,0,0.0,0.0,nan,nan,4,5,0.9999999750000006,0.0
bonirob_2016-05-23-10-47-22_2_frame217_hue,val,0.9941558837886832,0.9978203421075498,0.9959107396241168,0.9968645763539702,0.9968645763539702,0.8141276836395264,0.9549111318900382,0.9806897876743136,0.9676287475730436,0.9676287475730436,0.8802382349967957,0.9298007860017645,0.9539766406986377,0.9417335303947352,0.9417335303947352,0.8188126683235168,5,4,4,1,0,0.7999999840000003,0.0,1.3906790163355889,0.8095597063184077,1,2,0.9999999000000099,0.4999999750000013
bonirob_2016-05-23-10-52-28_3_frame256,val,0.9936180114742303,0.9965159805330916,0.9969114699984294,0.9967136360338588,0.9967136360338588,0.8457489013671875,0.9465393794297595,0.9322990126501035,0.9393651797073106,0.9393651797073106,0.8755479454994202,0.8765115426735707,0.8655690247717466,0.8710058671458808,0.8710058671458808,0.7633610367774963,10,10,8,2,0,0.7999999920000002,0.0,7.179244298092425,0.6068620251486593,1,3,0.9999999000000099,0.0
bonirob_2016-05-23-10-52-28_3_frame96,val,0.9735260009761911,0.984196877194435,0.9845514980088167,0.9843741056635916,0.9843741056635916,0.8141047358512878,0.9574944071486364,0.9593339737329561,0.9584132577313514,0.9584132577313514,0.8651167750358582,0.901106071973307,0.898233974043327,0.8996676807939941,0.8996676807939941,0.7576419115066528,15,38,13,2,6,0.866666660888889,0.1578947364265928,18.061903995446563,0.5883201501469018,1,1,0.9999999000000099,0.0
bonirob_2016-05-23-10-42-16_1_frame239_vflip,val,0.9882164001461073,0.9935522742768825,0.993523175149999,0.9935376745003767,0.9935376745003767,0.8620451092720032,0.9536186534725264,0.9674363831807514,0.9604777743718335,0.9604777743718335,0.8857340812683105,0.8111678174478785,0.7490989741960328,0.7788987681598758,0.7788987681598758,0.7337716817855835,10,12,6,4,0,0.5999999940000001,0.0,11.37783829804855,0.7100057546742305,4,5,0.9999999750000006,0.19999999600000007
bonirob_2016-05-18-10-59-09_4_frame117,val,0.9923629760738402,0.9962974502984311,0.995604511137936,0.995950810188997,0.995950810188997,0.8637804388999939,0.947844048528946,0.9578604044232504,0.9528258535643866,0.9528258535643866,0.8853615522384644,0.9060651904702783,0.9175487465053266,0.911770761697899,0.911770761697899,0.7998285293579102,5,9,5,0,4,0.9999999800000003,0.4444444395061729,3.2739576121904137,0.8522309358078143,2,3,0.9999999500000026,0.0
bonirob_2016-05-23-10-52-28_3_frame114_contrast,val,0.9770317077632992,0.9855296437336858,0.9897450886751404,0.9876328181022368,0.9876328181022368,0.8428998589515686,0.9494972066933016,0.955905511800271,0.9526905329495289,0.9526905329495289,0.8371031880378723,0.7794960527654429,0.6966943746308071,0.735772930295776,0.735772930295776,0.6858867406845093,19,39,15,4,0,0.7894736800554016,0.0,23.488935728241117,0.4719845485907508,2,3,0.9999999500000026,0.0
bonirob_2016-05-23-10-52-28_3_frame157_noise,val,0.9868698120113423,0.9907433051818803,0.9958086814005843,0.9932694853593209,0.9932694853593209,0.8543941974639893,0.912188728672602,0.8708163903387296,0.8910225136085838,0.8910225136085838,0.806368350982666,0.7073438070622089,0.4969199178517218,0.5837478785404823,0.5837478785404823,0.5944940447807312,14,24,10,4,3,0.7142857091836735,0.12499999947916667,21.530626375901175,0.4361795748598121,2,5,0.9999999500000026,0.19999999600000007
bonirob_2016-05-23-11-07-45_6_frame268_hue,val,0.9967308044429791,0.9983178666015655,0.9982169571014441,0.9982673593014074,0.9982673593014074,0.8957449793815613,0.9702810162344478,0.9719184555084924,0.9710989956212494,0.9710989956212494,0.9035515189170837,0.0,0.0,0.0,0.0,0.0,0,0,0,0,0,0.0,0.0,nan,nan,4,4,0.9999999750000006,0.0
bonirob_2016-05-23-10-52-28_3_frame23_hflip,val,0.9858322143550927,0.9925705433394465,0.9923693215909306,0.9924698722658418,0.9924698722658418,0.837893545627594,0.9193674515516607,0.9489686098569599,0.933933486347485,0.933933486347485,0.8269683718681335,0.7643862681954956,0.7101881596899912,0.7362911359665323,0.7362911359665323,0.7295708656311035,10,18,8,2,4,0.7999999920000002,0.22222222098765432,10.770898422234625,0.7387972015370087,4,7,0.9999999750000006,0.2857142816326531
bonirob_2016-05-23-10-42-16_1_frame100_hue,val,0.980205535888298,0.9885896180211441,0.9902181599672207,0.9894031688561439,0.9894031688561439,0.846761167049408,0.9207790305912904,0.9445696259434495,0.9325225660405765,0.9325225660405765,0.8351594805717468,0.8197566909895887,0.7763133640481445,0.7974437370117453,0.7974437370117453,0.7519909739494324,9,29,7,2,8,0.7777777691358027,0.2758620680142687,22.254775573739575,1.5280686023419514,4,6,0.9999999750000006,0.33333332777777785
bonirob_2016-05-23-10-52-28_3_frame144_hue,val,0.9814643859859538,0.9901397503081117,0.9903897405065664,0.9902646796299709,0.9902646796299709,0.8101988434791565,0.8613366645308347,0.8845413726180538,0.8727847600801782,0.8727847600801782,0.8178380131721497,0.8013692377836479,0.7937613019819731,0.7975470769527867,0.7975470769527867,0.7267898917198181,16,25,11,5,3,0.6874999957031249,0.11999999952,12.516240868271064,0.7315790386172345,1,2,0.9999999000000099,0.0
bonirob_2016-05-17-11-42-26_14_frame188_hue,val,0.9890441894527477,0.9917082324257062,0.9967598936080452,0.9942275961980507,0.9942275961980507,0.8688370585441589,0.9659123460234325,0.9331242505217865,0.9492351944462745,0.9492351944462745,0.8252869844436646,0.8028231142124913,0.575403098306184,0.6703498592556836,0.6703498592556836,0.6240209937095642,9,10,6,3,1,0.6666666592592594,0.09999999900000002,12.142267429858455,0.4795420709517395,3,5,0.9999999666666678,0.19999999600000007
bonirob_2016-05-23-10-52-28_3_frame6_vflip,val,0.9943313598629019,0.9971527228371418,0.996725592276106,0.9969390618064656,0.9969390618064656,0.8640145063400269,0.9591385690740175,0.9642930963158107,0.9617088759900456,0.9617088759900456,0.8862255215644836,0.0,0.0,0.0,0.0,0.0,0,0,0,0,0,0.0,0.0,nan,nan,6,8,0.9999999833333336,0.12499999843750002
_2016-05-27-10-26-48_5_frame77_rot15,val,0.9965248107906355,0.9983185601889032,0.9979001186885296,0.9981092455824815,0.9981092455824815,0.8954154849052429,0.9762206870577742,0.9808763811456186,0.9785429464391362,0.9785429464391362,0.9022418260574341,0.0,0.0,0.0,0.0,0.0,0,0,0,0,0,0.0,0.0,nan,nan,3,4,0.9999999666666678,0.0
bonirob_2016-05-23-10-47-22_2_frame124_noise,val,0.9866371154781393,0.9921788655751552,0.9929819803016592,0.9925802104847644,0.9925802104847644,0.8644942045211792,0.9680621687136463,0.9772366571397214,0.9726277284013285,0.9726277284013285,0.8920531868934631,0.7464448617991295,0.6740974073013304,0.708428776187539,0.708428776187539,0.7435024380683899,6,18,6,0,4,0.9999999833333336,0.22222222098765432,12.777754494305517,0.6939776308696155,3,3,0.9999999666666678,0.0
bonirob_2016-05-18-10-59-09_4_frame270_contrast,val,0.9916534423824342,0.9954491370529399,0.99560382937092,0.9955264272026216,0.9955264272026216,0.8504266738891602,0.9614467408489522,0.9630735542852286,0.9622594099874853,0.9622594099874853,0.8887993097305298,0.9085341499013643,0.9019296854229193,0.9052198213158473,0.9052198213158473,0.7891479134559631,4,4,3,1,1,0.7499999812500004,0.24999999375000015,1.2530699796988785,0.8332161247437301,2,2,0.9999999500000026,0.0
bonirob_2016-05-23-10-57-33_4_frame50_brightness,val,0.9712219238277545,0.982356614740532,0.9846701365325334,0.9835119651103487,0.9835119651103487,0.793184757232666,0.8948766603075948,0.8119834710464193,0.851417173412697,0.851417173412697,0.7631639242172241,0.8942937630997959,0.8864824495863672,0.8903709243152236,0.8903709243152236,0.6683205962181091,10,14,7,3,3,0.6999999930000002,0.21428571275510205,17.099028950829204,0.70323916339343,1,4,0.9999999000000099,0.7499999812500004
bonirob_2016-05-23-10-42-16_1_frame299_brightness,val,0.9621200561519767,0.9870968589363175,0.9775818781785481,0.9823162779318861,0.9823162779318861,0.7681195139884949,0.6646734130532862,0.914556962006022,0.7698454493735097,0.7698454493735097,0.6122502088546753,0.8238577934448955,0.8374211371156254,0.8305840470103503,0.8305840470103503,0.7128474712371826,8,12,5,3,2,0.6249999921875001,0.1666666652777778,23.23380841897059,0.46252191507290485,3,5,0.9999999666666678,0.39999999200000014
bonirob_2016-05-23-10-57-33_4_frame21_rot15,val,0.9903030395504034,0.9970703204029535,0.9962076493891016,0.9966387482182931,0.9966387482182931,0.8597657680511475,0.8420702501218458,0.9602488241395806,0.8972849860000857,0.8972849860000857,0.8539421558380127,0.9158890962287938,0.8366005113742042,0.8744511114020718,0.8744511114020718,0.7715222239494324,4,7,4,0,1,0.9999999750000006,0.14285714081632656,6.989263163450326,0.6802621744219692,3,5,0.9999999666666678,0.19999999600000007
bonirob_2016-05-23-10-42-16_1_frame297_rot_minus15,val,0.971054077148067,0.9787399398980265,0.9888414862891666,0.9837647324680737,0.9837647324680737,0.8315434455871582,0.9485467945977711,0.9722756752834988,0.9602646175826144,0.9602646175826144,0.8728439807891846,0.8808963724100477,0.7540670870608125,0.8125624056852507,0.8125624056852507,0.7419509291648865,10,29,10,0,4,0.9999999900000002,0.13793103400713436,23.561064538484835,0.49837368774091717,4,5,0.9999999750000006,0.19999999600000007
bonirob_2016-05-23-10-57-33_4_frame58_noise,val,0.9905776977535283,0.9945816015624143,0.995485926712292,0.9950335086659522,0.9950335086659522,0.8673412203788757,0.9612975391391353,0.9631289924805208,0.9622123443239328,0.9622123443239328,0.8898519277572632,0.8245137946444027,0.7815648445705988,0.8024650099938863,0.8024650099938863,0.7614011168479919,9,12,7,2,1,0.7777777691358027,0.0833333326388889,12.981905013191096,0.7273494739279033,2,3,0.9999999500000026,0.0
bonirob_2016-05-23-10-42-16_1_frame80_brightness,val,0.9832992553707186,0.9892595740248242,0.9917365071632912,0.9904964420807842,0.9904964420807842,0.86240553855896,0.9656348565944193,0.965989140002326,0.9658119158084272,0.9658119158084272,0.8660591244697571,0.7733897508045748,0.6797520661016581,0.7235539418345456,0.7235539418345456,0.7061612010002136,7,17,5,2,3,0.7142857040816327,0.17647058719723183,25.934750556491434,0.3078470330040175,3,4,0.9999999666666678,0.0
bonirob_2016-05-09-10-49-56_6_frame78_hflip,val,0.9964675903316511,0.9977313395914101,0.9986885626410574,0.998209671636476,0.998209671636476,0.8721420764923096,0.8762677483009599,0.8181818180268595,0.846229136964493,0.846229136964493,0.7589073181152344,0.9044016505878817,0.842678628617665,0.8724497758752336,0.8724497758752336,0.7190771102905273,3,5,3,0,1,0.9999999666666678,0.19999999600000007,3.434225729361936,0.712659440703579,1,3,0.9999999000000099,0.0
bonirob_2016-05-23-10-42-16_1_frame305_contrast,val,0.9693412780758021,0.9821849631706155,0.9822588351881262,0.9822218477904117,0.9822218477904117,0.8591359853744507,0.9704835082367833,0.9796632614360606,0.9750517293178582,0.9750517293178582,0.8892027735710144,0.8546820309086613,0.8507673034730239,0.8527201242136319,0.8527201242136319,0.7617253065109253,13,50,12,1,16,0.9230769159763315,0.31999999936,35.61818259135686,0.6458986176359715,1,1,0.9999999000000099,0.0
bonirob_2016-05-23-10-42-16_1_frame116_contrast,val,0.9890899658199351,0.9930574076881442,0.9951971511865276,0.9941260780500606,0.9941260780500606,0.8469797968864441,0.9645754119077022,0.952980215370943,0.9587427063575958,0.9587427063575958,0.8781317472457886,0.7702753677566853,0.6845457592797672,0.7248845791858797,0.7248845791858797,0.6882975697517395,10,14,9,1,1,0.8999999910000002,0.07142857091836735,9.716396051135508,0.6473471556411674,2,2,0.9999999500000026,0.0
bonirob_2016-05-23-10-52-28_3_frame122_crop,val,0.9789123535152515,0.9872043131705233,0.991590365237624,0.9893924283026464,0.9893924283026464,0.8620010614395142,0.8866052444864965,0.9361436767040124,0.9107012361104434,0.9107012361104434,0.7997485399246216,0.7929769974353486,0.6912049593113986,0.7386016166353662,0.7386016166353662,0.6862587332725525,11,51,7,4,1,0.6363636305785125,0.01960784309880815,48.79969209271947,0.3982130740778052,2,3,0.4999999750000013,0.3333333222222226
bonirob_2016-05-23-10-52-28_3_frame285_hflip,val,0.991493225097278,0.994871175303308,0.9964322935976468,0.9956510725170795,0.9956510725170795,0.8533768057823181,0.8786971171516774,0.8777112939088366,0.878203878872677,0.878203878872677,0.8221281170845032,0.7954230235507829,0.69875114222666,0.7439597361426913,0.7439597361426913,0.7055160403251648,6,12,5,1,1,0.8333333194444447,0.0833333326388889,18.598515080275188,0.6786890518932276,2,5,0.9999999500000026,0.0
bonirob_2016-05-10-11-39-31_15_frame255_contrast,val,0.988727569579701,0.9920014620561367,0.996492365621669,0.9942417926102347,0.9942417926102347,0.8933618664741516,0.9359879031786296,0.866946778671011,0.9001453693219833,0.9001453693219833,0.8443480134010315,0.7419678714611122,0.555778390560146,0.6355166487320721,0.6355166487320721,0.6472796201705933,25,29,15,10,1,0.5999999976,0.03448275850178359,15.07923417477956,0.7078780749687927,2,4,0.9999999500000026,0.0
bonirob_2016-05-23-10-52-28_3_frame135_hflip,val,0.9905967712398565,0.9945471861603157,0.9958259890799606,0.9951861268085286,0.9951861268085286,0.8209125995635986,0.9016122364240756,0.9049792530744822,0.9032925571278099,0.9032925571278099,0.828429102897644,0.7646725262045742,0.6978007761785822,0.7297077422925917,0.7297077422925917,0.696010172367096,10,14,7,3,0,0.6999999930000002,0.0,14.962109752832813,0.6243122530538666,1,3,0.9999999000000099,0.0
bonirob_2016-05-23-10-52-28_3_frame112_hue,val,0.9803504943843917,0.987985842643936,0.9909591935334522,0.9894702343694917,0.9894702343694917,0.8521125316619873,0.9415991310807786,0.9499325691086485,0.9457474429649663,0.9457474429649663,0.8562842011451721,0.710586881459329,0.6119920713476711,0.657614433759275,0.657614433759275,0.6418831944465637,15,37,14,1,1,0.9333333271111112,0.027027026953981008,22.63145708097256,0.5808457194035499,3,4,0.9999999666666678,0.0
bonirob_2016-05-23-10-42-16_1_frame5,val,0.9858207702632958,0.9917345404891258,0.9922516698983012,0.9919929877983856,0.9919929877983856,0.87319016456604,0.9698042647956325,0.973211434042745,0.9715048121037292,0.9715048121037292,0.8840306997299194,0.7851974364113046,0.7526753864297924,0.7685924826386019,0.7685924826386019,0.7544653415679932,8,21,7,1,2,0.8749999890625002,0.0952380947845805,19.894230159273977,0.5451714176467711,2,3,0.9999999500000026,0.0
bonirob_2016-05-23-10-52-28_3_frame176_crop,val,0.9628944396968983,0.9889006430542644,0.9893662679013008,0.9891333506807083,0.9891333506807083,0.8092355132102966,0.8892578124826317,0.4614838840415418,0.6076337465454681,0.6076337465454681,0.595043420791626,0.6161347517694081,0.8484577195340729,0.7138699139334104,0.7138699139334104,0.6033036112785339,13,32,13,0,5,0.9999999923076924,0.15624999951171875,11.778955782852291,0.4817846697923657,2,3,0.9999999500000026,0.3333333222222226
bonirob_2016-05-23-10-42-16_1_frame269_rot15,val,0.9837341308589997,0.9914546347920308,0.9918275580551161,0.9916410113625661,0.9916410113625661,0.8475016355514526,0.9712934983869222,0.9649445601076602,0.9681085701410851,0.9681085701410851,0.8650611042976379,0.7790528953861093,0.7839129280490588,0.7814753055971592,0.7814753055971592,0.6853073835372925,14,15,10,4,3,0.7142857091836735,0.19999999866666668,8.371328933201749,1.4229975349214197,2,3,0.9999999500000026,0.3333333222222226
bonirob_2016-05-23-10-47-22_2_frame216_vflip,val,0.9920730590816528,0.9972416930293831,0.9941828586030639,0.9957098766266546,0.9957098766266546,0.804251492023468,0.9505447655049687,0.9776846618497593,0.9639236661941426,0.9639236661941426,0.8790134787559509,0.909044403510241,0.9530194143413813,0.9305125959834788,0.9305125959834788,0.8169810175895691,4,4,3,1,0,0.7499999812500004,0.0,7.072967616395714,0.730358301617445,1,1,0.9999999000000099,0.0
bonirob_2016-05-18-10-59-09_4_frame89_hue,val,0.9972610473629008,0.998548632859998,0.9985646914082514,0.9985566120695648,0.9985566120695648,0.9021360874176025,0.9733840304109939,0.9730938361707304,0.9732388616587941,0.9732388616587941,0.9042806625366211,0.0,0.0,0.0,0.0,0.0,0,0,0,0,0,0.0,0.0,nan,nan,2,2,0.9999999500000026,0.0
bonirob_2016-05-23-11-02-39_5_frame35_brightness,val,0.996044158935167,0.9974413611631727,0.99837209208344,0.9979064596040275,0.9979064596040275,0.8712164759635925,0.9719281136739207,0.9565366422091139,0.9641709067045371,0.9641709067045371,0.8811153769493103,0.0,0.0,0.0,0.0,0.0,0,0,0,0,0,0.0,0.0,nan,nan,3,4,0.9999999666666678,0.0
_2016-05-27-10-26-48_5_frame75_hue,val,0.9978904724117287,0.9990106846058491,0.9987566055327022,0.998883578912198,0.998883578912198,0.8789197206497192,0.9787556904333097,0.9830273640389121,0.9808868265703781,0.9808868265703781,0.8930953145027161,0.0,0.0,0.0,0.0,0.0,0,0,0,0,0,0.0,0.0,nan,nan,1,1,0.9999999000000099,0.0
bonirob_2016-05-23-10-42-16_1_frame69_hflip,val,0.9818038940425943,0.9898262474954107,0.989359892158869,0.9895929648835258,0.9895929648835258,0.8375563025474548,0.9543698128391036,0.9652348263407693,0.9597715214583101,0.9597715214583101,0.8445929884910583,0.6688112744893134,0.6253222572149721,0.6463359974096481,0.6463359974096481,0.6916071176528931,7,18,6,1,2,0.8571428448979593,0.11111111049382716,14.315085467579209,0.58124804349671,3,4,0.9999999666666678,0.24999999375000015
bonirob_2016-05-23-10-47-22_2_frame35_hflip,val,0.9896850585933724,0.9939077146350435,0.995304583221473,0.9946056084723772,0.9946056084723772,0.8520061373710632,0.9360336173580478,0.9628962535907433,0.949274883411023,0.949274883411023,0.8442002534866333,0.7731213872553063,0.6370943733064277,0.6985473635320149,0.6985473635320149,0.6879352331161499,8,21,7,1,2,0.8749999890625002,0.0952380947845805,19.954727194117105,0.361678124003027,3,3,0.9999999666666678,0.0
bonirob_2016-05-23-11-07-45_6_frame194_rot15,val,0.9938163757320427,0.9971703335284506,0.9970920746638756,0.9971311525606482,0.9971311525606482,0.8710576295852661,0.9657714054878546,0.9542574948822554,0.9599798772332147,0.9599798772332147,0.8730420470237732,0.0,0.0,0.0,0.0,0.0,0,1,0,0,1,0.0,0.9999999000000099,nan,nan,2,2,0.9999999500000026,0.0
bonirob_2016-05-23-10-42-16_1_frame3_vflip,val,0.9843749999996245,0.9901451468163914,0.9937200389313188,0.9919293219259118,0.9919293219259118,0.8695189952850342,0.9394118341686616,0.9424170616002082,0.9409119982530322,0.9409119982530322,0.8476456999778748,0.7806576402170086,0.6626169758551532,0.7168101803190616,0.7168101803190616,0.6872921586036682,5,25,5,0,9,0.9999999800000003,0.35999999856,49.7563179288985,0.4026129444010952,2,5,0.9999999500000026,0.0
bonirob_2016-05-23-10-52-28_3_frame176_brightness,val,0.9612731933590083,0.9834734531328337,0.9732673519879544,0.9783437357251511,0.9783437357251511,0.7476384043693542,0.7846779511894407,0.9098903899960503,0.8426581183461438,0.8426581183461438,0.6969353556632996,0.7855838965869772,0.834538784062712,0.8093216608855279,0.8093216608855279,0.5846993923187256,11,20,9,2,6,0.8181818107438018,0.2999999985,21.335797517493788,0.6105139715856827,2,5,0.9999999500000026,0.5999999880000002
bonirob_2016-05-23-10-52-28_3_frame84_contrast,val,0.988838195800404,0.9932183148991474,0.9952017370421165,0.9942089867522861,0.9942089867522861,0.8419385552406311,0.0,0.0,0.0,0.0,0.0,0.8691800799301157,0.8243007888451561,0.8461457066778134,0.8461457066778134,0.7368777394294739,14,15,10,4,1,0.7142857091836735,0.06666666622222223,7.531617568739938,0.7949855506445818,0,0,0.0,0.0
bonirob_2016-05-23-11-12-51_7_frame40,val,0.996864318847276,0.9985215602324696,0.9980560296378479,0.9982886906626088,0.9982886906626088,0.8865097165107727,0.9787977844321311,0.9838003102994259,0.981292621821077,0.981292621821077,0.9018349647521973,0.0,0.0,0.0,0.0,0.0,0,0,0,0,0,0.0,0.0,nan,nan,4,4,0.9999999750000006,0.0
bonirob_2016-05-23-10-42-16_1_frame229_rot_minus15,val,0.9871673583980609,0.991102549612055,0.9950552044590149,0.9930748939442408,0.9930748939442408,0.8654589056968689,0.9702903443559616,0.9601530705159439,0.9651950406714357,0.9651950406714357,0.8927553296089172,0.7888434579208866,0.6408066429266712,0.7071605736358031,0.7071605736358031,0.7051816582679749,8,18,6,2,4,0.7499999906250002,0.22222222098765432,17.817207883854444,0.43551017471614345,1,1,0.9999999000000099,0.0
bonirob_2016-05-23-10-52-28_3_frame275_rot_minus15,val,0.9929313659664181,0.9967042747262967,0.9976115362019545,0.9971576490967766,0.9971576490967766,0.8739267587661743,0.7344497607304091,0.912604042751926,0.8138917851123563,0.8138917851123563,0.785217821598053,0.8364231188354627,0.6781609195202428,0.7490233880215519,0.7490233880215519,0.709222137928009,10,10,7,3,0,0.6999999930000002,0.0,10.85388443855723,0.698439222687883,1,3,0.9999999000000099,0.3333333222222226
bonirob_2016-05-23-10-42-16_1_frame254_hflip,val,0.9921340942379028,0.9951635053635352,0.9966234397856077,0.9958928875252769,0.9958928875252769,0.8431553840637207,0.9566358410277851,0.9514044245469624,0.954012911105139,0.954012911105139,0.8437564373016357,0.829176631334842,0.7465395262766368,0.7856911123004979,0.7856911123004979,0.7406398057937622,12,18,9,3,0,0.74999999375,0.0,15.48652831743453,0.48374849304720535,1,1,0.9999999000000099,0.0
bonirob_2016-05-23-10-57-33_4_frame53_noise,val,0.9878082275386857,0.993676957962239,0.992396000278294,0.993036016030584,0.993036016030584,0.8541786074638367,0.9530298172338405,0.9442503176470101,0.9486197042543265,0.9486197042543265,0.8803803324699402,0.9453471752014393,0.9581046050588666,0.9516830883227012,0.9516830883227012,0.847499430179596,4,3,3,1,0,0.7499999812500004,0.0,1.2871276871052864,0.9896651655561568,2,5,0.9999999500000026,0.0
bonirob_2016-05-23-10-42-16_1_frame89_crop,val,0.9874839782711077,0.9924567982232664,0.9943751986308074,0.9934150222641971,0.9934150222641971,0.8664053082466125,0.9755001045480745,0.967709593773664,0.9715891827158079,0.9715891827158079,0.8635626435279846,0.7455424599351604,0.7004542873168526,0.7222953679750617,0.7222953679750617,0.695669412612915,9,14,8,1,1,0.8888888790123458,0.07142857091836735,15.531984047888164,1.2696814281266886,3,5,0.9999999666666678,0.0
bonirob_2016-05-23-10-57-33_4_frame52,val,0.9941062927242301,0.9966386351647082,0.9971403945445989,0.9968894017176537,0.9968894017176537,0.8990845680236816,0.9684957426587654,0.9684041244823725,0.9684498814037352,0.9684498814037352,0.909045398235321,0.8808093581763893,0.8475813811728755,0.8638759189839437,0.8638759189839437,0.7911235690116882,9,12,8,1,0,0.8888888790123458,0.0,8.770800968734656,0.6104991358314806,2,4,0.9999999500000026,0.24999999375000015
bonirob_2016-05-23-10-47-22_2_frame43_contrast,val,0.9824676513668127,0.9898617550793545,0.9905456003134449,0.9902035096287028,0.9902035096287028,0.8434346914291382,0.9577937649803533,0.9664462009923661,0.962100479943505,0.962100479943505,0.9059410691261292,0.887234610756528,0.8712955677886749,0.8791928047783135,0.8791928047783135,0.7153842449188232,7,19,4,3,6,0.5714285632653062,0.3157894720221607,34.29033123854046,0.6166324289637131,2,2,0.9999999500000026,0.0
bonirob_2016-05-18-10-59-09_4_frame167_contrast,val,0.9897270202632943,0.9952973239626232,0.9938224998280015,0.9945593151444121,0.9945593151444121,0.8465411067008972,0.949667789196781,0.9720514253682498,0.9607291981909328,0.9607291981909328,0.8813586235046387,0.7462996624059647,0.7690660957781893,0.7575118108242169,0.7575118108242169,0.7596052885055542,5,8,5,0,0,0.9999999800000003,0.0,9.646108937092661,0.7266866855778774,2,2,0.9999999500000026,0.0
_2016-05-27-10-26-48_5_frame254_vflip,val,0.9916229248043092,0.9961539700690287,0.9950159297157611,0.9955845746725905,0.9955845746725905,0.8425674438476562,0.9485615533094585,0.9560450819574174,0.952288565595485,0.952288565595485,0.8624994158744812,0.816204050992343,0.8607594936481867,0.837889822944094,0.837889822944094,0.7458544373512268,7,11,7,0,0,0.9999999857142858,0.0,9.356599120135186,0.8422102424460307,2,4,0.9999999500000026,0.4999999875000003
bonirob_2016-05-23-10-57-33_4_frame24_noise,val,0.9920616149898559,0.9955459113746651,0.9962560543538161,0.9959008062695729,0.9959008062695729,0.8342590928077698,0.9321006365282782,0.9409424724314277,0.9365006352169992,0.9365006352169992,0.8573281168937683,0.8524690103464242,0.8172608610789546,0.8344936838429127,0.8344936838429127,0.706849217414856,15,15,12,3,0,0.7999999946666667,0.0,5.513671986050679,0.7912388083798697,2,3,0.9999999500000026,0.0
bonirob_2016-05-23-10-42-16_1_frame201_vflip,val,0.9817390441890786,0.9876826732178366,0.9899233855907298,0.9888017099928017,0.9888017099928017,0.869084894657135,0.9731738573238505,0.9837424703651279,0.9784295751751761,0.9784295751751761,0.8861101865768433,0.7185298621525719,0.5522598869926493,0.6245174538341416,0.6245174538341416,0.6331196427345276,9,20,7,2,4,0.7777777691358027,0.19999999899999998,22.045810930801803,0.4814727357737604,1,1,0.9999999000000099,0.0
bonirob_2016-05-23-10-47-22_2_frame291_hflip,val,0.9919204711910279,0.9960369002704146,0.994581937134095,0.9953088369787595,0.9953088369787595,0.8081634640693665,0.9665235347182493,0.9753263599454217,0.9709049447782954,0.9709049447782954,0.8478692173957825,0.0,0.0,0.0,0.0,0.0,0,0,0,0,0,0.0,0.0,nan,nan,2,3,0.9999999500000026,0.3333333222222226
_2016-05-27-10-26-48_5_frame133_contrast,val,0.9967880249019635,0.9987718005400056,0.9978395819164566,0.9983054236016273,0.9983054236016273,0.8769597411155701,0.9611235792299926,0.9775421544733264,0.9692632923342505,0.9692632923342505,0.901217520236969,0.0,0.0,0.0,0.0,0.0,0,0,0,0,0,0.0,0.0,nan,nan,2,2,0.9999999500000026,0.0
bonirob_2016-05-23-10-42-16_1_frame115_brightness,val,0.992435455321887,0.9947275203798334,0.9971543615350879,0.9959394125671652,0.9959394125671652,0.8890743851661682,0.9779391614073859,0.9807613027279045,0.9793481489642272,0.9793481489642272,0.9050200581550598,0.8788668185972366,0.7278856526233041,0.796282587975159,0.796282587975159,0.6730422973632812,10,11,5,5,1,0.4999999950000001,0.09090909008264464,7.173586294336866,0.6269267898742185,1,1,0.9999999000000099,0.0
bonirob_2016-05-09-10-49-56_6_frame78_noise,val,0.9967079162593854,0.9977934584347089,0.9988703930796107,0.9983315853256581,0.9983315853256581,0.8726036548614502,0.9284210524361218,0.8352272725690858,0.879361864221496,0.879361864221496,0.799892783164978,0.9108192187725261,0.8448220583249496,0.8765801230288564,0.8765801230288564,0.7186148762702942,3,4,3,0,1,0.9999999666666678,0.24999999375000015,2.5985024361110596,0.8616132462762329,1,3,0.9999999000000099,0.0
bonirob_2016-05-23-10-57-33_4_frame42,val,0.988140106200795,0.9942434578276395,0.993125096443164,0.9936839124650024,0.9936839124650024,0.8699710965156555,0.9385300667733395,0.9469662920922712,0.9427292564465191,0.9427292564465191,0.889546275138855,0.888274177317946,0.9049849937712833,0.8965516741357739,0.8965516741357739,0.8181185126304626,11,17,9,2,3,0.8181818107438018,0.17647058719723183,11.957495079126907,0.6769670134043673,2,4,0.9999999500000026,0.0
bonirob_2016-05-23-10-52-28_3_frame89,val,0.9767723083492368,0.9856600219188697,0.98751598535918,0.986587080782246,0.986587080782246,0.835271418094635,0.974943877174488,0.9715667171756399,0.9732523175200457,0.9732523175200457,0.8904114365577698,0.8824392090033,0.8668959427389186,0.8745984730334914,0.8745984730334914,0.71876460313797,13,24,9,4,4,0.6923076869822486,0.1666666659722222,13.669777391256902,0.6986007404894785,1,3,0.9999999000000099,0.6666666444444452
bonirob_2016-05-23-10-42-16_1_frame296_rot15,val,0.9804916381832197,0.989253890690679,0.9897741185360064,0.9895138862371029,0.9895138862371029,0.8497098088264465,0.9742105797443983,0.9658747734954108,0.970024718731957,0.970024718731957,0.8567314743995667,0.7440958357017216,0.7404632152504488,0.7422750310821636,0.7422750310821636,0.7370463013648987,8,29,6,2,12,0.7499999906250002,0.41379310202140307,28.77929402784297,0.4511212209823357,1,1,0.9999999000000099,0.0
bonirob_2016-05-23-10-52-28_3_frame255_contrast,val,0.986011505126577,0.9921381999618474,0.9924835998183847,0.9923108198337485,0.9923108198337485,0.8523925542831421,0.9280821917172546,0.903333333273111,0.9155404904878132,0.9155404904878132,0.8613911271095276,0.9239713371448737,0.9221842389307207,0.9230768730728165,0.9230768730728165,0.7826193571090698,14,17,10,4,1,0.7142857091836735,0.058823529065743944,8.935506441388544,0.719176541319608,1,3,0.9999999000000099,0.0
bonirob_2016-05-23-10-52-28_3_frame247_brightness,val,0.950180053710575,0.986230789238661,0.9441474566478174,0.9647303527950062,0.9647303527950062,0.7136572003364563,0.8894811655689595,0.969028261673673,0.9275522939519847,0.9275522939519847,0.8160207867622375,0.8695143507498131,0.9655717795902427,0.9150289562983327,0.9150289562983327,0.6824756860733032,11,38,9,2,10,0.8181818107438018,0.2631578940443213,23.08233948011644,0.8452321917077334,1,3,0.9999999000000099,0.0
_2016-05-27-10-26-48_5_frame254_contrast,val,0.9925384521480589,0.9963094581701045,0.9958205112729557,0.9960648747181543,0.9960648747181543,0.8564724922180176,0.9484671238306931,0.9636270491704546,0.9559869392188806,0.9559869392188806,0.8797487020492554,0.8593874833326395,0.8516759039099584,0.8555142659910632,0.8555142659910632,0.7619135975837708,7,11,7,0,0,0.9999999857142858,0.0,10.735142593213487,0.7804782702794737,2,3,0.9999999500000026,0.0
bonirob_2016-05-23-10-57-33_4_frame55_hflip,val,0.9868850708004048,0.9926349476227097,0.9933088755553129,0.9929717472406545,0.9929717472406545,0.8294016718864441,0.8823637364492134,0.8635057471109284,0.8728328446074006,0.8728328446074006,0.7748857736587524,0.9172625976973452,0.9136917087640711,0.9154736210992801,0.9154736210992801,0.7973788976669312,11,10,10,1,0,0.9090909008264464,0.0,2.2038260422752436,1.0148984194885358,1,5,0.9999999000000099,0.39999999200000014
_2016-05-27-10-26-48_5_frame85_noise,val,0.9955062866207139,0.9978126449544027,0.9971761143499334,0.9974942281049342,0.9974942281049342,0.87398761510849,0.9755495820562817,0.9809678972082017,0.9782511869807483,0.9782511869807483,0.8924663066864014,0.0,0.0,0.0,0.0,0.0,0,0,0,0,0,0.0,0.0,nan,nan,4,5,0.9999999750000006,0.0
bonirob_2016-05-23-10-47-22_2_frame42_hflip,val,0.9826431274410314,0.9903466432641798,0.9908142135339225,0.9905803232238403,0.9905803232238403,0.826755702495575,0.9461398878179962,0.9549617049537549,0.9505302781337398,0.9505302781337398,0.8649824261665344,0.8147051858771642,0.7934732472233225,0.8039490094688895,0.8039490094688895,0.7252641916275024,5,14,4,1,5,0.7999999840000003,0.35714285459183676,23.153402037351594,0.418448319259209,4,5,0.9999999750000006,0.0
_2016-05-27-10-26-48_5_frame112_rot15,val,0.9970283508296978,0.9983966156991722,0.9984884413747191,0.9984424764256713,0.9984424764256713,0.8726249933242798,0.9691081215664414,0.9667798856684053,0.9679425535668815,0.9679425535668815,0.9043415188789368,0.0,0.0,0.0,0.0,0.0,0,0,0,0,0,0.0,0.0,nan,nan,3,3,0.9999999666666678,0.0
bonirob_2016-05-23-10-42-16_1_frame224_vflip,val,0.9779930114742363,0.985868009449643,0.989297085899759,0.9875795210717013,0.9875795210717013,0.8404416441917419,0.9664748452307678,0.9491373035880073,0.9577275663732192,0.9577275663732192,0.8641652464866638,0.7624827586101727,0.7240340536905824,0.7427611189855156,0.7427611189855156,0.6984301805496216,11,26,10,1,0,0.9090909008264464,0.0,16.125463347049795,0.6774592488336549,2,3,0.9999999500000026,0.3333333222222226
bonirob_2016-05-23-10-42-16_1_frame242_hflip,val,0.981674194335563,0.9880741366121406,0.9906665071193408,0.9893685737188617,0.9893685737188617,0.8629499673843384,0.966247890490136,0.9678206974238783,0.9670336044446527,0.9670336044446527,0.85726398229599,0.7379310344639098,0.6336915990209763,0.6818503160975654,0.6818503160975654,0.673961341381073,8,26,6,2,2,0.7499999906250002,0.07692307662721894,36.04917849588451,0.5759036522591634,2,2,0.9999999500000026,0.0
bonirob_2016-05-23-10-47-22_2_frame188_rot15,val,0.9876060485836077,0.9937333298801936,0.9922558791964592,0.9929940049733053,0.9929940049733053,0.8327728509902954,0.9713936056245404,0.976672648033957,0.9740259240213636,0.9740259240213636,0.9003963470458984,0.8858831132777593,0.9058723564869158,0.8957661825516604,0.8957661825516604,0.8056561350822449,8,11,7,1,0,0.8749999890625002,0.0,8.781410001768094,0.7395327042189994,4,4,0.9999999750000006,0.0
bonirob_2016-05-23-10-52-28_3_frame179_vflip,val,0.9449577331539364,0.9691324964399527,0.9811848103047192,0.9751213637238093,0.9751213637238093,0.7757741212844849,0.0,0.0,0.0,0.0,0.0,0.7740495613336185,0.7882692247381163,0.7810946319102676,0.7810946319102676,0.7041170597076416,13,43,12,1,11,0.9230769159763315,0.25581395289345593,15.423325388081482,0.6597875209663661,2,0,0.0,0.0
bonirob_2016-05-23-10-47-22_2_frame132_noise,val,0.9908027648922002,0.9952738642127463,0.9944467174683362,0.9948600689139656,0.9948600689139656,0.8728615045547485,0.9738999837596448,0.9808675033687058,0.9773712761469304,0.9773712761469304,0.8962320685386658,0.7848059993223083,0.7899573350577632,0.78737319171505,0.78737319171505,0.7680130004882812,5,9,4,1,0,0.7999999840000003,0.0,15.918555793083415,0.8697414393573907,2,2,0.9999999500000026,0.0
bonirob_2016-05-23-10-52-28_3_frame84_rot_minus15,val,0.9884490966793105,0.9928038242755497,0.9952317073649365,0.9940162332974473,0.9940162332974473,0.8212595582008362,0.0,0.0,0.0,0.0,0.0,0.8633011911416528,0.8067422877047944,0.8340639570626766,0.8340639570626766,0.7349804639816284,12,17,10,2,2,0.833333326388889,0.11764705813148789,8.034255505870725,0.8602018907529096,0,0,0.0,0.0
bonirob_2016-05-23-10-42-16_1_frame200_rot_minus15,val,0.9853134155269678,0.9918091371088219,0.9921093030391719,0.9919591473665182,0.9919591473665182,0.8637361526489258,0.9582552504007811,0.9679503916417495,0.963078371819866,0.963078371819866,0.8673651218414307,0.7799043061952184,0.69578827544975,0.7354488898305164,0.7354488898305164,0.6558400392532349,13,22,9,4,2,0.6923076869822486,0.09090909049586776,18.929778669683333,0.6590862841837608,3,4,0.9999999666666678,0.24999999375000015
bonirob_2016-05-23-10-42-16_1_frame260_rot_minus15,val,0.9883308410640761,0.9927214154043307,0.9942629880769388,0.9934915537374066,0.9934915537374066,0.8766708374023438,0.9776329489762152,0.976954795942129,0.9772937048150536,0.9772937048150536,0.8839783072471619,0.8039751552595286,0.741012136461163,0.7712106268997453,0.7712106268997453,0.72454434633255,9,17,8,1,1,0.8888888790123458,0.058823529065743944,16.016395184031616,0.5515398652775987,5,6,0.9999999800000003,0.0
bonirob_2016-05-23-10-42-16_1_frame13_rot15,val,0.9896469116207163,0.9938705707477609,0.9957684624341967,0.9948185614035044,0.9948185614035044,0.8739253878593445,0.937016454168715,0.9397814207547565,0.9383968507374014,0.9383968507374014,0.8334608674049377,0.7769544275369784,0.6546987199296067,0.7106065243832341,0.7106065243832341,0.6795861124992371,8,15,7,1,3,0.8749999890625002,0.19999999866666668,11.732848517018832,0.8510313980754962,4,5,0.9999999750000006,0.0
bonirob_2016-05-18-10-59-09_4_frame127_rot15,val,0.9913902282711062,0.9951220096358292,0.9958653915290477,0.995493511802906,0.995493511802906,0.8845807909965515,0.9644772117854727,0.9733934610938737,0.9689147743645564,0.9689147743645564,0.8901141881942749,0.7323628219211511,0.6655359565581569,0.6973520026930033,0.6973520026930033,0.6908673644065857,7,15,7,0,0,0.9999999857142858,0.0,9.36261383835505,0.49845785284485217,2,2,0.9999999500000026,0.0
_2016-05-27-10-26-48_5_frame68_crop,val,0.9958572387691513,0.9980447689172811,0.9974002993844591,0.997722380078612,0.997722380078612,0.8633021712303162,0.9739594271033056,0.9803001479561179,0.9771194510919786,0.9771194510919786,0.8984960317611694,0.0,0.0,0.0,0.0,0.0,0,0,0,0,0,0.0,0.0,nan,nan,2,2,0.9999999500000026,0.0
bonirob_2016-05-23-10-52-28_3_frame252_rot_minus15,val,0.9812774658199381,0.9893857382028131,0.9906578561891741,0.9900213385473952,0.9900213385473952,0.8233622908592224,0.9197637213654993,0.9584508848176854,0.9387088171164508,0.9387088171164508,0.8511902689933777,0.8357922813967176,0.8036386951927255,0.8194001297951662,0.8194001297951662,0.7036318778991699,9,21,8,1,3,0.8888888790123458,0.14285714217687073,13.629627742560034,0.4601312619884939,1,1,0.9999999000000099,0.0
bonirob_2016-05-18-10-59-09_4_frame90_vflip,val,0.9967041015621197,0.9985566687911706,0.9979805022294622,0.9982684523744035,0.9982684523744035,0.8764005303382874,0.9603804732256868,0.9713763218496352,0.9658470525317367,0.9658470525317367,0.8902275562286377,0.0,0.0,0.0,0.0,0.0,0,0,0,0,0,0.0,0.0,nan,nan,2,2,0.9999999500000026,0.0
bonirob_2016-05-23-10-47-22_2_frame228_vflip,val,0.9892578124996226,0.9941682612282787,0.9941435028572757,0.9941558318886348,0.9941558318886348,0.8484455347061157,0.9571198342295549,0.9718877849154185,0.9644472298952631,0.9644472298952631,0.8944869637489319,0.8268780867994053,0.7749086479713786,0.8000502518433792,0.8000502518433792,0.7118895649909973,5,6,5,0,0,0.9999999800000003,0.0,10.833518631994252,1.0161922170554751,2,3,0.9999999500000026,0.0
bonirob_2016-05-23-10-42-16_1_frame58_contrast,val,0.9924545288082152,0.9958005118898542,0.99600676033893,0.9959035754360471,0.9959035754360471,0.8746070265769958,0.9693482350283869,0.9722530521588665,0.9707984206546786,0.9707984206546786,0.8942724466323853,0.8430321592326557,0.8107511045356867,0.8265765265646025,0.8265765265646025,0.7720432877540588,7,8,5,2,0,0.7142857040816327,0.0,5.955123992890748,0.8441007536625236,2,3,0.9999999500000026,0.3333333222222226
bonirob_2016-05-18-10-59-09_4_frame86_brightness,val,0.996833801269151,0.9985004506620356,0.9981899370062203,0.9983451196894944,0.9983451196894944,0.8836566209793091,0.9601824241276953,0.9667961850850688,0.9634779047575793,0.9634779047575793,0.8893901705741882,0.0,0.0,0.0,0.0,0.0,0,0,0,0,0,0.0,0.0,nan,nan,2,2,0.9999999500000026,0.0
bonirob_2016-05-23-10-52-28_3_frame134,val,0.9746170043941594,0.9834330662469669,0.9893979320430847,0.9864064317425764,0.9864064317425764,0.8477787375450134,0.9205405405156611,0.9131367291980392,0.9168236377284942,0.9168236377284942,0.8364682793617249,0.8230027016532381,0.740159666777229,0.779385915047021,0.779385915047021,0.6883432269096375,9,42,8,1,4,0.8888888790123458,0.09523809501133787,39.44398177997457,0.42154248429374575,4,5,0.9999999750000006,0.0
bonirob_2016-05-23-10-57-33_4_frame22_contrast,val,0.9889869689937634,0.9948991545169836,0.9932457385776685,0.9940717090259763,0.9940717090259763,0.867976188659668,0.9504618728405138,0.9690674053465459,0.9596744196374754,0.9596744196374754,0.8949853181838989,0.8592649506869091,0.8810399159548183,0.8700161574519795,0.8700161574519795,0.7505688667297363,13,19,11,2,1,0.8461538396449705,0.052631578670360106,9.377988525543929,0.7431072645946479,2,3,0.9999999500000026,0.0
bonirob_2016-05-23-10-52-28_3_frame268_hflip,val,0.9909210205074345,0.9955505453266802,0.9949718935613983,0.9952610853360101,0.9952610853360101,0.7934648394584656,0.9311383256187284,0.9444105070058153,0.9377274065140768,0.9377274065140768,0.8588563203811646,0.8496977617897452,0.8603804797210856,0.8550057037278295,0.8550057037278295,0.7775824069976807,5,11,5,0,2,0.9999999800000003,0.18181818016528928,14.35639496190203,0.8447234070370586,2,3,0.9999999500000026,0.0
bonirob_2016-05-09-11-10-10_10_frame165_contrast,val,0.9944152832027456,0.9969150024597986,0.9973667966334857,0.9971407983708365,0.9971407983708365,0.8706966042518616,0.8775367389168973,0.9054151623895007,0.8912579456844902,0.8912579456844902,0.8660298585891724,0.8923873193682902,0.8626224723605874,0.8772524409858232,0.8772524409858232,0.8047623038291931,4,10,4,0,1,0.9999999750000006,0.09999999900000002,23.758758831671102,0.44895261657409424,2,2,0.9999999500000026,0.0
bonirob_2016-05-23-10-52-28_3_frame248_hflip,val,0.959300994872681,0.9720923616703939,0.9772168309465133,0.9746478105417256,0.9746478105417256,0.8152696490287781,0.9101479914952353,0.9313142238544448,0.9206094126678964,0.9206094126678964,0.838704526424408,0.9065096672187862,0.8858806519956312,0.8960763976724357,0.8960763976724357,0.7031099796295166,13,38,11,2,7,0.8461538396449705,0.18421052583102493,24.93370468738907,0.7535733810255807,1,1,0.9999999000000099,0.0
bonirob_2016-05-23-10-42-16_1_frame80_noise,val,0.9822387695308753,0.9888137063539411,0.9909714494362085,0.9898913520465363,0.9898913520465363,0.8506498336791992,0.9599096143998836,0.9663193425265397,0.9631037639437195,0.9631037639437195,0.8606419563293457,0.7649181905494485,0.6568181818046113,0.7067585096330631,0.7067585096330631,0.6795089840888977,7,22,6,1,4,0.8571428448979593,0.18181818099173552,26.02404522403798,0.25284707942558754,3,5,0.9999999666666678,0.19999999600000007
bonirob_2016-05-23-10-42-16_1_frame209_noise,val,0.9844131469722808,0.9899853057529151,0.9915274576481601,0.9907557315953094,0.9907557315953094,0.8636341094970703,0.97624676966796,0.9785873728856654,0.9774156200266982,0.9774156200266982,0.8825417160987854,0.7808487486228325,0.7138877835114626,0.745868362931738,0.745868362931738,0.6690012812614441,8,17,6,2,1,0.7499999906250002,0.058823529065743944,16.37870089427418,0.5476687077285377,2,3,0.9999999500000026,0.3333333222222226
bonirob_2016-05-23-10-52-28_3_frame169_vflip,val,0.9705848693843954,0.9771128720213197,0.9862664112902264,0.9816682541389768,0.9816682541389768,0.6819940805435181,0.8145506419013528,0.6120042872235797,0.6988983597921749,0.6988983597921749,0.661185085773468,0.9579270342959006,0.9439742651614033,0.9508994194291458,0.9508994194291458,0.7688403129577637,5,7,2,3,5,0.39999999200000014,0.7142857040816327,2.3080886983976105,0.7271375325917795,3,4,0.9999999666666678,0.0
bonirob_2016-05-23-10-42-16_1_frame184_hflip,val,0.9895286560054819,0.9939455899170005,0.9945498146932826,0.994247560505193,0.994247560505193,0.8374478816986084,0.9590473424292814,0.96521484945452,0.962121162117056,0.962121162117056,0.8376180529594421,0.838835640722796,0.7637362637115793,0.7995262569682201,0.7995262569682201,0.7232133150100708,10,16,9,1,0,0.8999999910000002,0.0,7.547714920992576,0.6718111911010336,4,4,0.9999999750000006,0.0
bonirob_2016-05-23-10-57-33_4_frame66_contrast,val,0.9913177490230594,0.9955673031139713,0.9950935346238123,0.9953303124914927,0.9953303124914927,0.8547413349151611,0.9532056005778284,0.9725563909652563,0.9627837237184517,0.9627837237184517,0.8819936513900757,0.921316856527116,0.9172433679265931,0.9192755496446052,0.9192755496446052,0.8311634063720703,5,5,4,1,0,0.7999999840000003,0.0,7.765976614063542,0.8084182524586765,2,2,0.9999999500000026,0.0
bonirob_2016-05-23-10-52-28_3_frame263_noise,val,0.9873123168941547,0.9912576765454301,0.9956548335532902,0.9934513394630118,0.9934513394630118,0.8682998418807983,0.92799999998144,0.9252243270004941,0.9266100348543015,0.9266100348543015,0.8402454853057861,0.7187855787203498,0.5058760683625567,0.5938234347971997,0.5938234347971997,0.6137141585350037,5,19,5,0,8,0.9999999800000003,0.42105262936288085,15.779130447045528,0.40935783751211974,2,4,0.9999999500000026,0.0
bonirob_2016-05-23-10-52-28_3_frame114_noise,val,0.9758834838863465,0.9837922065170692,0.9902885042892823,0.9870296164069341,0.9870296164069341,0.8402957916259766,0.9518085823303548,0.9530933633188627,0.9524504895576641,0.9524504895576641,0.8368232846260071,0.7789232531411349,0.6572588439913274,0.7129376731443882,0.7129376731443882,0.659608006477356,19,39,14,5,2,0.7368421013850416,0.05128205115055884,25.236382386675697,0.40788693272416615,2,3,0.9999999500000026,0.0
bonirob_2016-05-23-10-52-28_3_frame115_vflip,val,0.9733390808101756,0.9856701662508347,0.9894441987317076,0.9875535267961559,0.9875535267961559,0.8577698469161987,0.9495697177532071,0.8867595818765496,0.917090415311371,0.917090415311371,0.7739365100860596,0.6206848745234897,0.6446364290763912,0.6324339096077992,0.6324339096077992,0.6105325818061829,11,38,9,2,8,0.8181818107438018,0.21052631523545706,30.869734012662377,0.4790615538660031,3,3,0.6666666444444452,0.0
bonirob_2016-05-09-11-10-10_10_frame64_rot15,val,0.994270324706652,0.9978940372268535,0.9982489166859305,0.9980713954107019,0.9980713954107019,0.8681203722953796,0.8571428567478605,0.23134328355331552,0.36434864422255375,0.36434864422255375,0.3980247974395752,0.7049075844262299,0.8369277336043539,0.7652654753357883,0.7652654753357883,0.7213801145553589,2,3,1,1,0,0.4999999750000013,0.0,20.70149340287928,0.6244239631096612,2,2,0.4999999750000013,0.0
bonirob_2016-05-23-10-47-22_2_frame14_rot_minus15,val,0.9927368164058713,0.9958207744486699,0.9966054344880706,0.9962128999604307,0.9962128999604307,0.8683664798736572,0.9684224148962285,0.9698030067266744,0.9691121691158848,0.9691121691158848,0.8920661211013794,0.7925042589167801,0.7398218829281228,0.7652573936924243,0.7652573936924243,0.7201890349388123,6,11,4,2,1,0.6666666555555557,0.09090909008264464,16.70622115224557,0.3400046132905453,1,1,0.9999999000000099,0.0
bonirob_2016-05-09-10-49-56_6_frame78_vflip,val,0.9945297241207144,0.9969335815300436,0.9986189394844046,0.9977754988167894,0.9977754988167894,0.8139239549636841,0.9322916661810982,0.33901515145094413,0.4972221829729969,0.4972221829729969,0.3479187786579132,0.7922465208485008,0.7665918563396412,0.7792080321129687,0.7792080321129687,0.6615039110183716,3,6,3,0,1,0.9999999666666678,0.16666666388888893,16.943558697871758,0.33410121843801893,1,1,0.9999999000000099,0.0
bonirob_2016-05-23-10-42-16_1_frame69_crop,val,0.9841194152828278,0.9909101625426262,0.9909144887922117,0.9909122756626993,0.9909122756626993,0.8624576330184937,0.9656400094012506,0.9710213455789954,0.9683231510210237,0.9683231510210237,0.8805108070373535,0.6817087845763626,0.6492836676031725,0.6651012121175824,0.6651012121175824,0.7218746542930603,7,16,5,2,2,0.7142857040816327,0.12499999921874999,18.45898573187124,0.5697064999637739,3,4,0.9999999666666678,0.24999999375000015
bonirob_2016-05-23-10-42-16_1_frame205_brightness,val,0.9784049987789236,0.9880187390571848,0.9848025044700845,0.9864079500957013,0.9864079500957013,0.8447052836418152,0.9736337003713161,0.980218662596033,0.9769150350144393,0.9769150350144393,0.8817853927612305,0.8547814207591886,0.8795951360028144,0.86701072355188,0.86701072355188,0.7524048686027527,11,19,10,1,2,0.9090909008264464,0.10526315734072021,14.996896644358468,0.670932504899133,2,4,0.9999999500000026,0.4999999875000003
bonirob_2016-05-18-10-59-09_4_frame134_vflip,val,0.9965667724605574,0.9987401131076544,0.9976398119887107,0.9981896093337327,0.9981896093337327,0.8824291229248047,0.9571814136628697,0.9767026423447956,0.9668434513242333,0.9668434513242333,0.8914240598678589,0.0,0.0,0.0,0.0,0.0,0,0,0,0,0,0.0,0.0,nan,nan,2,2,0.9999999500000026,0.0
bonirob_2016-05-23-10-42-16_1_frame200_noise,val,0.9852523803707179,0.9911605072713978,0.9918573788929059,0.99150877063494,0.99150877063494,0.8562860488891602,0.9633403191972808,0.9658003620346334,0.9645687220910442,0.9645687220910442,0.8634981513023376,0.7894736841873133,0.7376373626170979,0.7626757063205681,0.7626757063205681,0.7180716395378113,14,22,11,3,0,0.7857142801020409,0.0,15.792952922975394,0.641461537164641,3,5,0.9999999666666678,0.39999999200000014
bonirob_2016-05-23-11-07-45_6_frame259_rot15,val,0.9936866760250116,0.9958234295411732,0.9972541251876643,0.9965382138646015,0.9965382138646015,0.8602559566497803,0.9760081481724093,0.9624655903542799,0.9691895137829708,0.9691895137829708,0.8899954557418823,0.0,0.0,0.0,0.0,0.0,0,1,0,0,1,0.0,0.9999999000000099,nan,nan,4,3,0.7499999812500004,0.0
bonirob_2016-05-23-10-42-16_1_frame83_rot_minus15,val,0.9906234741207158,0.9944549392918401,0.9948195121521087,0.9946371423144791,0.9946371423144791,0.8895901441574097,0.9797845458140052,0.9787106845096858,0.9792472707577504,0.9792472707577504,0.8959978818893433,0.797197898395895,0.783207157578004,0.7901405505666662,0.7901405505666662,0.7784450054168701,4,13,3,1,2,0.7499999812500004,0.15384615266272192,40.72694519251066,0.5930808965906571,2,2,0.9999999500000026,0.0
bonirob_2016-05-23-10-52-28_3_frame140_rot15,val,0.9858932495113426,0.9915591260457294,0.9940278433785938,0.9927919000110766,0.9927919000110766,0.8573617935180664,0.789135096441091,0.8997555011491641,0.8408224939433103,0.8408224939433103,0.7782230377197266,0.8748179081200852,0.8121900640085457,0.8423414499675238,0.8423414499675238,0.7161988615989685,11,25,8,3,1,0.7272727206611571,0.03999999984,35.06611233178865,0.4299974794264905,1,2,0.9999999000000099,0.4999999750000013
bonirob_2016-05-23-10-52-28_3_frame149_rot_minus15,val,0.9909095764156376,0.9945518342809623,0.9960681881750184,0.9953093836870783,0.9953093836870783,0.8752973079681396,0.9143187958140812,0.9234067433068913,0.9188402486355929,0.9188402486355929,0.8191768527030945,0.7983988354876856,0.6886377903110911,0.7394674258120336,0.7394674258120336,0.6687448024749756,13,13,8,5,0,0.6153846106508877,0.0,26.863221104273045,0.8545749277841429,2,4,0.9999999500000026,0.24999999375000015
bonirob_2016-05-23-10-52-28_3_frame134_hflip,val,0.972625732421504,0.98249303144368,0.9881953666810174,0.9853358989946236,0.9853358989946236,0.8356125950813293,0.892626480062093,0.8899919506066544,0.8913072185506614,0.8913072185506614,0.7928003668785095,0.8097392637974713,0.7309795777034892,0.7683463208727493,0.7683463208727493,0.6634874939918518,9,41,9,0,2,0.9999999888888891,0.04878048768590125,35.67352649981324,0.463868217565977,4,6,0.9999999750000006,0.0
bonirob_2016-05-23-10-42-16_1_frame255_brightness,val,0.9902381896968879,0.9938573618101499,0.9959468300696555,0.9949009488778411,0.9949009488778411,0.8657137155532837,0.9566421941964727,0.9635830891451991,0.960100047304144,0.960100047304144,0.8896706700325012,0.8115281501122915,0.7024831747342195,0.753078691377597,0.753078691377597,0.7056888937950134,12,24,8,4,0,0.6666666611111112,0.0,27.504060168175627,0.4549980112282474,2,2,0.9999999500000026,0.0
bonirob_2016-05-23-10-42-16_1_frame202_vflip,val,0.9788131713863454,0.9863697736682214,0.9882015774023348,0.987284775855995,0.987284775855995,0.8567657470703125,0.9649344029164142,0.9754285094354105,0.9701530284262538,0.9701530284262538,0.8731825351715088,0.8012840588662499,0.7114849833049015,0.753719201895827,0.753719201895827,0.7067625522613525,7,21,5,2,1,0.7142857040816327,0.04761904739229025,47.10218844846996,0.3441651047174113,3,4,0.9999999666666678,0.24999999375000015
bonirob_2016-05-23-10-42-16_1_frame239_contrast,val,0.9887084960933729,0.9932421701949226,0.9943808471820579,0.9938111325237209,0.9938111325237209,0.8716993927955627,0.9625345480552638,0.9627809348233104,0.9626576756739679,0.9626576756739679,0.8755165338516235,0.8164062499754686,0.7532575547337605,0.7835615938939479,0.7835615938939479,0.7423291206359863,10,15,7,3,1,0.6999999930000002,0.06666666622222223,12.576209799648192,0.5708242352829803,4,5,0.9999999750000006,0.0
bonirob_2016-05-23-10-57-33_4_frame44_noise,val,0.9743461608883002,0.9806292157393309,0.9818288459384528,0.9812286141781822,0.9812286141781822,0.8308714628219604,0.0,0.0,0.0,0.0,0.0,0.9607623183149862,0.9582310764629249,0.9594949779759738,0.9594949779759738,0.770764946937561,6,18,6,0,6,0.9999999833333336,0.3333333314814815,12.913120402934306,0.7601478290762688,0,0,0.0,0.0
bonirob_2016-05-23-10-42-16_1_frame263,val,0.9864387512203269,0.9910194640899678,0.9941240524349817,0.9925692806122278,0.9925692806122278,0.8697240352630615,0.9807597163378552,0.9823257350457971,0.9815420510591958,0.9815420510591958,0.9019863605499268,0.762344983071875,0.6486953184833328,0.7009432487445785,0.7009432487445785,0.6915588974952698,13,28,11,2,2,0.8461538396449705,0.07142857117346939,21.90587504340688,0.5435095038893814,1,1,0.9999999000000099,0.0
bonirob_2016-05-23-10-42-16_1_frame204_vflip,val,0.9847679138179837,0.9894478111620166,0.9936164779977047,0.9915277130319714,0.9915277130319714,0.8625016808509827,0.9717027449186713,0.9696254398032796,0.9706629309578793,0.9706629309578793,0.8852630853652954,0.7694348633385664,0.6155805561321253,0.6839622147518086,0.6839622147518086,0.6595770716667175,9,28,8,1,2,0.8888888790123458,0.07142857117346939,32.03384332427757,0.4110400729529871,3,4,0.9999999666666678,0.0
bonirob_2016-05-23-11-07-45_6_frame200,val,0.996803283691026,0.998404394562892,0.9981140775384151,0.9982591649429199,0.9982591649429199,0.8985783457756042,0.9788670111205191,0.9820669686593094,0.9804643289586377,0.9804643289586377,0.9108027815818787,0.0,0.0,0.0,0.0,0.0,0,0,0,0,0,0.0,0.0,nan,nan,2,2,0.9999999500000026,0.0
bonirob_2016-05-18-10-59-09_4_frame128_hflip,val,0.9900245666500129,0.9949751181429383,0.9944565208603728,0.9947157019087027,0.9947157019087027,0.8144559264183044,0.9184740004986027,0.9368336886743914,0.927562953015123,0.927562953015123,0.8366245627403259,0.9031786627612058,0.9076555902248241,0.9054115423370411,0.9054115423370411,0.7179719805717468,5,5,3,2,1,0.5999999880000002,0.19999999600000007,6.3574078354825785,0.6401950133674057,1,1,0.9999999000000099,0.0
bonirob_2016-05-23-10-47-22_2_frame49_rot15,val,0.9943466186519644,0.9964924080377442,0.9977252706375906,0.9971084082483509,0.9971084082483509,0.8634883165359497,0.9611907386778128,0.9480208786222701,0.9545603353970042,0.9545603353970042,0.8648276925086975,0.782215122429062,0.6893477240408565,0.7328510352211921,0.7328510352211921,0.6944745779037476,6,9,5,1,0,0.8333333194444447,0.0,9.076216442198076,0.6594794368212288,1,3,0.9999999000000099,0.0
bonirob_2016-05-23-11-12-51_7_frame95_hflip,val,0.9935455322261835,0.9965294499253766,0.9967357337628643,0.9966325311699237,0.9966325311699237,0.8448177576065063,0.9499691928410355,0.9597858565617556,0.9548522445333748,0.9548522445333748,0.8608556389808655,0.8506493506186635,0.8111455108080101,0.8304278422335607,0.8304278422335607,0.7029682397842407,7,5,5,2,0,0.7142857040816327,0.0,3.785666346447042,0.7058976228380918,2,4,0.9999999500000026,0.0
bonirob_2016-05-23-10-52-28_3_frame94,val,0.9745979309078313,0.9836302018347519,0.9868655258889909,0.9852451578497199,0.9852451578497199,0.8287458419799805,0.9011446409520736,0.9402823017947729,0.9202975057654001,0.9202975057654001,0.8695521950721741,0.9190256170285441,0.8974783676474356,0.9081241463259141,0.9081241463259141,0.7284998893737793,12,31,9,3,7,0.74999999375,0.2258064508844953,18.239527208939784,0.5240859732682257,1,1,0.9999999000000099,0.0
bonirob_2016-05-23-10-52-28_3_frame123_rot_minus15,val,0.9803886413570478,0.9882043728383002,0.9913570609223683,0.9897781563642487,0.9897781563642487,0.8523404598236084,0.9007291081940141,0.8761593016434174,0.8882742862436181,0.8882742862436181,0.8244820237159729,0.7651979264754335,0.7029981599664141,0.7327804543969255,0.7327804543969255,0.7025585770606995,12,46,10,2,1,0.833333326388889,0.02173913038752363,33.44261214413938,0.5180993989732727,1,3,0.9999999000000099,0.0
bonirob_2016-05-23-10-52-28_3_frame164_brightness,val,0.9889183044429821,0.9916002952713813,0.9970973274312336,0.9943411640774201,0.9943411640774201,0.842131495475769,0.8051470587248595,0.8101109740061516,0.8076213389608169,0.8076213389608169,0.8118858933448792,0.8517013712328162,0.625512868321046,0.7212902737373973,0.7212902737373973,0.6381747722625732,14,24,11,3,0,0.7857142801020409,0.0,29.95639147013915,0.3867406782978706,1,2,0.9999999000000099,0.0
bonirob_2016-05-23-10-42-16_1_frame264_crop,val,0.9917106628414185,0.9949110252880068,0.9964372015533651,0.9956734785872966,0.9956734785872966,0.8651890754699707,0.9794272652169698,0.9614185988471614,0.9703393328812278,0.9703393328812278,0.8568326830863953,0.8257037247419476,0.8080133555701722,0.8167627119010488,0.8167627119010488,0.7687276601791382,12,17,12,0,1,0.9999999916666668,0.058823529065743944,4.205927749309642,0.788451035858103,2,2,0.9999999500000026,0.0
bonirob_2016-05-23-10-52-28_3_frame175_noise,val,0.9757499694820496,0.9846961084385969,0.9890411299440294,0.9868637865863773,0.9868637865863773,0.8123159408569336,0.8957915829868153,0.7869718308473641,0.8378631178121205,0.8378631178121205,0.7416622042655945,0.8650054622022316,0.8223947771857045,0.8431620614824057,0.8431620614824057,0.7144120335578918,13,23,11,2,3,0.8461538396449705,0.1304347820415879,16.465237074048908,0.6931438479713491,1,2,0.9999999000000099,0.0
bonirob_2016-05-23-10-52-28_3_frame272,val,0.9945564270015738,0.9971973337218709,0.9971776800210502,0.9971874567746236,0.9971874567746236,0.8344635367393494,0.9546736065722257,0.9509613307204372,0.9528138027934214,0.9528138027934214,0.8834095001220703,0.8681747269665061,0.8733978550647816,0.8707784087076953,0.8707784087076953,0.7763245701789856,6,5,4,2,0,0.6666666555555557,0.0,4.044698482970228,0.8071382130630957,1,1,0.9999999000000099,0.0
bonirob_2016-05-23-10-47-22_2_frame35_contrast,val,0.9901008605953254,0.9944657912478126,0.9951765664176442,0.99482100187491,0.99482100187491,0.8627378344535828,0.9495115923155288,0.9671541596623452,0.9582516276459249,0.9582516276459249,0.8761399388313293,0.7423941798696299,0.6685527099264874,0.7035411597670486,0.7035411597670486,0.7086087465286255,8,20,7,1,2,0.8749999890625002,0.09999999949999999,21.258337939390636,0.4036917143218986,3,3,0.9999999666666678,0.0
bonirob_2016-05-23-10-52-28_3_frame108_brightness,val,0.9614105224605708,0.9742724236112019,0.9810943642056038,0.9776714436165053,0.9776714436165053,0.8207407593727112,0.9105682532930324,0.9327676941152102,0.9215342488992747,0.9215342488992747,0.8191660642623901,0.8653611253364382,0.8078422717545507,0.8356130005648045,0.8356130005648045,0.6917959451675415,13,54,11,2,5,0.8461538396449705,0.09259259242112483,40.023951480007675,0.5091064359942427,2,3,0.9999999500000026,0.0
bonirob_2016-05-23-10-42-16_1_frame63,val,0.9872589111324359,0.9928617337507059,0.9937159766164398,0.9932886215182616,0.9932886215182616,0.8435837626457214,0.9616663749175273,0.9636905805829908,0.96267736368566,0.96267736368566,0.8941996097564697,0.8205847016310162,0.7965530646521115,0.8083902708841592,0.8083902708841592,0.7431880235671997,8,21,7,1,1,0.8749999890625002,0.04761904739229025,21.88400574027255,0.5814666918216416,1,1,0.9999999000000099,0.0
bonirob_2016-05-23-10-42-16_1_frame13_contrast,val,0.9903335571285284,0.9950483546591957,0.9948012624357188,0.9949247432059577,0.9949247432059577,0.8596581816673279,0.9143611404338504,0.9458219552053978,0.9298254533600246,0.9298254533600246,0.8644713759422302,0.8408496731751357,0.7766374886575117,0.8074689599389165,0.8074689599389165,0.7397221922874451,9,16,8,1,0,0.8888888790123458,0.0,11.39263505033481,0.6023930325300406,4,5,0.9999999750000006,0.0
bonirob_2016-05-23-10-47-22_2_frame78_brightness,val,0.9925804138179807,0.9959290314736229,0.9956308762973973,0.9957798815672021,0.9957798815672021,0.8540526032447815,0.9682654733361645,0.9703755171620807,0.969319296948656,0.969319296948656,0.8761482238769531,0.0,0.0,0.0,0.0,0.0,0,0,0,0,0,0.0,0.0,nan,nan,2,2,0.9999999500000026,0.0
bonirob_2016-05-23-10-52-28_3_frame146_crop,val,0.9657402038570535,0.9831855344727882,0.9868266880917166,0.9850026963287659,0.9850026963287659,0.793054461479187,0.9360613810621987,0.7313417923795449,0.821134058097696,0.821134058097696,0.670661449432373,0.6926266325707094,0.7612212348996641,0.7253056885820703,0.7253056885820703,0.6338306665420532,15,23,11,4,4,0.7333333284444445,0.1739130427221172,14.534457368239782,0.729836599187649,4,5,0.7499999812500004,0.19999999600000007
bonirob_2016-05-23-10-42-16_1_frame99_rot15,val,0.9454727172847955,0.9559498843366668,0.9804751254302019,0.9680571461530185,0.9680571461530185,0.8170983195304871,0.9506606455911418,0.8493864877864589,0.8971745761585587,0.8971745761585587,0.75469970703125,0.4348010160788569,0.6039400176241123,0.5055999513132521,0.5055999513132521,0.5325005054473877,9,29,8,1,7,0.8888888790123458,0.24137930951248512,29.11463145359727,0.9398282414717796,1,15,0.9999999000000099,0.7333333284444445
bonirob_2016-05-23-10-52-28_3_frame110_contrast,val,0.9709205627437703,0.9792858624177151,0.9896077319456472,0.984419691127094,0.984419691127094,0.8420944213867188,0.9202986279071772,0.8605660377196119,0.8894305272619983,0.8894305272619983,0.7914586067199707,0.8106309344146718,0.6771682727896429,0.7379134364014787,0.7379134364014787,0.6749597191810608,10,51,9,1,1,0.8999999910000002,0.01960784309880815,34.708308913994344,0.4509744689525353,3,4,0.9999999666666678,0.0
bonirob_2016-05-23-10-42-16_1_frame2_contrast,val,0.9916343688961061,0.9962319061339773,0.9949835052202793,0.9956072643320372,0.9956072643320372,0.8166003227233887,0.9349100041760683,0.9678258043444066,0.9510831458317424,0.9510831458317424,0.8783585429191589,0.7980799999744614,0.7950270959262026,0.7965505727789618,0.7965505727789618,0.7570769786834717,4,8,3,1,1,0.7499999812500004,0.12499999843750002,18.130538468692134,0.6202609235168395,2,2,0.9999999500000026,0.0
bonirob_2016-05-17-11-42-26_14_frame244_noise,val,0.9966697692867291,0.9979628800434863,0.9985147036264647,0.9982386655733524,0.9982386655733524,0.8920096158981323,0.9741663741595354,0.9648866638787033,0.969504264103432,0.969504264103432,0.8922210335731506,0.0,0.0,0.0,0.0,0.0,0,0,0,0,0,0.0,0.0,nan,nan,2,3,0.9999999500000026,0.0
bonirob_2016-05-23-10-52-28_3_frame2_hflip,val,0.9938125610347771,0.9968175373998617,0.9963199993227968,0.9965686562622239,0.9965686562622239,0.8437234163284302,0.9663429919882148,0.9707745520929199,0.968553652982162,0.968553652982162,0.8574363589286804,0.0,0.0,0.0,0.0,0.0,0,0,0,0,0,0.0,0.0,nan,nan,3,3,0.9999999666666678,0.0
bonirob_2016-05-23-10-47-22_2_frame217_rot15,val,0.9964523315425886,0.9984216830302891,0.9978540686613961,0.9981377451490638,0.9981377451490638,0.8642125129699707,0.9673153221144216,0.9821599846443299,0.9746810845833824,0.9746810845833824,0.8911121487617493,0.9012987012518805,0.8929490478181704,0.8971043966972022,0.8971043966972022,0.7906442284584045,5,5,5,0,0,0.9999999800000003,0.0,0.5932619209739025,1.0341548395878093,1,2,0.9999999000000099,0.4999999750000013
bonirob_2016-05-23-10-52-28_3_frame55_noise,val,0.9904861450191534,0.9954683645954421,0.9935394087255445,0.9945029013020193,0.9945029013020193,0.8612924218177795,0.934999999883125,0.9373433582785284,0.9361701626488705,0.9361701626488705,0.8614078164100647,0.9592395218177755,0.9714969221315416,0.9653292635428186,0.9653292635428186,0.821727454662323,8,8,6,2,0,0.7499999906250002,0.0,2.8236910604882812,0.9905592562619461,1,1,0.9999999000000099,0.0
bonirob_2016-05-23-10-57-33_4_frame22_crop,val,0.9888420104976696,0.9938718939945416,0.9940078072548655,0.9939397959784456,0.9939397959784456,0.8772827982902527,0.962783055925689,0.9690128693581924,0.9658878674366277,0.9658878674366277,0.8958615660667419,0.8639305678013544,0.8485767952485396,0.8561848031149458,0.8561848031149458,0.7044005990028381,12,20,11,1,0,0.9166666590277779,0.0,17.834127188448807,0.7189888770783637,2,4,0.9999999500000026,0.0
bonirob_2016-05-23-10-42-16_1_frame295_brightness,val,0.9916954040523561,0.9936276548225779,0.9979813058085806,0.9957996717820716,0.9957996717820716,0.8615648746490479,0.8814589662974288,0.9119496852478145,0.8964450811129266,0.8964450811129266,0.8723205327987671,0.7698904239747552,0.4983040394542614,0.6050167998930197,0.6050167998930197,0.6255996227264404,10,18,7,3,3,0.6999999930000002,0.16666666574074074,17.306652210408252,0.32606326101404054,1,1,0.9999999000000099,0.0
bonirob_2016-05-23-10-57-33_4_frame63_hue,val,0.97975921630822,0.9868350120579813,0.9880591644251221,0.9874466588417463,0.9874466588417463,0.8540064096450806,0.9637106322462484,0.9729842806707729,0.9683252035420684,0.9683252035420684,0.8724653124809265,0.943490616301748,0.9318228329164396,0.9376203774338365,0.9376203774338365,0.8158559799194336,7,15,7,0,1,0.9999999857142858,0.06666666622222223,13.465774948963306,0.5836248568446568,2,5,0.9999999500000026,0.19999999600000007
bonirob_2016-05-23-10-52-28_3_frame146_vflip,val,0.9724349975582228,0.983666061705587,0.9895513366143248,0.9865998725145099,0.9865998725145099,0.8045640587806702,0.9082716879501241,0.8515762925491605,0.8790106887322869,0.8790106887322869,0.7046869397163391,0.7468455042151331,0.6818140589507318,0.7128496418939034,0.7128496418939034,0.6268103122711182,14,29,13,1,2,0.9285714219387756,0.06896551700356718,16.87602373202553,0.4728697479293041,4,7,0.9999999750000006,0.2857142816326531
bonirob_2016-05-23-10-57-33_4_frame32,val,0.9934158325191523,0.9962532390219528,0.9970290707178524,0.9966409538840696,0.9966409538840696,0.8707837462425232,0.9121679519746286,0.9453818827288908,0.9284779264255619,0.9284779264255619,0.8732631802558899,0.7998565279483553,0.7263843647971863,0.7613519473585717,0.7613519473585717,0.720063328742981,14,14,10,4,0,0.7142857091836735,0.0,7.30365134298833,0.7836587374640593,2,2,0.9999999500000026,0.0
_2016-05-27-10-26-48_5_frame112_vflip,val,0.9954109191890734,0.9984137792906075,0.9973670732093708,0.9978901017725699,0.9978901017725699,0.8403681516647339,0.9508583516316746,0.9554447351131831,0.9531459761720233,0.9531459761720233,0.8782833218574524,0.0,0.0,0.0,0.0,0.0,0,1,0,0,1,0.0,0.9999999000000099,nan,nan,4,3,0.7499999812500004,0.0
bonirob_2016-05-23-11-02-39_5_frame35_hflip,val,0.9952583312984484,0.9977730535433111,0.997204774503263,0.9974887830847832,0.9974887830847832,0.8365024328231812,0.9529891304283085,0.9622059126074339,0.9575752938630154,0.9575752938630154,0.8523780107498169,0.0,0.0,0.0,0.0,0.0,0,0,0,0,0,0.0,0.0,nan,nan,3,3,0.9999999666666678,0.0
bonirob_2016-05-23-10-42-16_1_frame117_contrast,val,0.9883003234859511,0.9937819538478635,0.993378481319535,0.9935801266232263,0.9935801266232263,0.8631044030189514,0.961427382637616,0.969734373452307,0.9655629615734982,0.9655629615734982,0.8871471881866455,0.7256392536031224,0.7065948855751483,0.7159904034450529,0.7159904034450529,0.710479199886322,10,14,6,4,1,0.5999999940000001,0.07142857091836735,12.552778030604342,0.5329883445281659,3,4,0.9999999666666678,0.24999999375000015
bonirob_2016-05-23-10-52-28_3_frame271_rot15,val,0.992637634276965,0.9964036527601392,0.9963802323072116,0.996391892396052,0.996391892396052,0.8566555380821228,0.8745574101732646,0.8684078352150473,0.8714717241502486,0.8714717241502486,0.8085060715675354,0.8443357783039052,0.8477905073476312,0.8460595661528031,0.8460595661528031,0.7539552450180054,8,12,5,3,1,0.6249999921875001,0.0833333326388889,24.998984673640663,0.7920461276927308,2,4,0.9999999500000026,0.0
bonirob_2016-05-23-10-52-28_3_frame156_hflip,val,0.990074157714466,0.9928647794353055,0.9970436527999731,0.9949497782318886,0.9949497782318886,0.8670492768287659,0.880810488572013,0.81657458554513,0.8474770141946073,0.8474770141946073,0.8161986470222473,0.7904096538332674,0.5975990396014983,0.6806124748729309,0.6806124748729309,0.610924243927002,12,17,8,4,0,0.6666666611111112,0.0,16.573450986669645,0.5005254017011849,1,1,0.9999999000000099,0.0
_2016-05-27-10-26-48_5_frame74_rot15,val,0.9970855712886821,0.9986662313666556,0.9982926188595974,0.9984793401634107,0.9984793401634107,0.8848103880882263,0.9610022778955717,0.9692152177819406,0.9650912250984501,0.9650912250984501,0.8955252766609192,0.0,0.0,0.0,0.0,0.0,0,0,0,0,0,0.0,0.0,nan,nan,3,4,0.9999999666666678,0.0
bonirob_2016-05-23-10-42-16_1_frame218_vflip,val,0.9837608337398591,0.9905703700066473,0.9913703862350114,0.9909701666563856,0.9909701666563856,0.8577579259872437,0.960568280658276,0.9751861772555406,0.9678219852599479,0.9678219852599479,0.8523374795913696,0.7673311514201925,0.6353781719478843,0.695148198402162,0.695148198402162,0.6768597960472107,16,27,13,3,0,0.812499994921875,0.0,15.291733774799345,0.524237069649254,2,5,0.9999999500000026,0.5999999880000002
bonirob_2016-05-23-10-47-22_2_frame119_contrast,val,0.9825782775875158,0.9885581529149517,0.9915099371328806,0.9900317948395732,0.9900317948395732,0.878574788570404,0.9718320523947608,0.9728633693349522,0.9723473873992653,0.9723473873992653,0.8897362351417542,0.8101426307320104,0.7281014100451774,0.7669341636180851,0.7669341636180851,0.7368617653846741,5,23,4,1,7,0.7999999840000003,0.3043478247637051,48.005346810451755,0.4008880555634248,2,5,0.9999999500000026,0.39999999200000014
bonirob_2016-05-23-10-42-16_1_frame77_hue,val,0.9883804321285292,0.9934609802753341,0.9939773449162216,0.9937190455163581,0.9937190455163581,0.8766460418701172,0.9610054592299417,0.9701429263507138,0.9655525252642813,0.9655525252642813,0.8924987316131592,0.7236438075495175,0.6599253266751735,0.6903172812471308,0.6903172812471308,0.7320681214332581,8,17,6,2,3,0.7499999906250002,0.17647058719723183,31.056058027634705,0.5401037540641668,2,3,0.9999999500000026,0.0
bonirob_2016-05-23-10-52-28_3_frame6_noise,val,0.9944915771480581,0.9973417189389142,0.9967091172686923,0.9970252677591089,0.9970252677591089,0.8650020956993103,0.9591365873617763,0.9666701116113752,0.9628885643668225,0.9628885643668225,0.8715821504592896,0.0,0.0,0.0,0.0,0.0,0,0,0,0,0,0.0,0.0,nan,nan,6,8,0.9999999833333336,0.24999999687500005
bonirob_2016-05-23-10-52-28_3_frame261,val,0.9872245788570453,0.992843324541907,0.9936258619431244,0.9932343891085509,0.9932343891085509,0.8339917659759521,0.9285384969604178,0.9276830953050353,0.9281105490355842,0.9281105490355842,0.8788189888000488,0.8850816227502417,0.8714888199182661,0.8782325790004049,0.8782325790004049,0.7547975778579712,8,10,5,3,3,0.6249999921875001,0.2999999970000001,6.597177205460068,0.7055578006914615,1,2,0.9999999000000099,0.0
bonirob_2016-05-23-10-42-16_1_frame210_hflip,val,0.9780235290523613,0.9858530525886386,0.9888261761567907,0.9873373261703866,0.9873373261703866,0.845518946647644,0.9635857590128587,0.972533260501063,0.9680387849487673,0.9680387849487673,0.8509063124656677,0.8111689540841082,0.731306666658866,0.7691703096923574,0.7691703096923574,0.6984240412712097,13,33,12,1,1,0.9230769159763315,0.03030303021120294,29.22388176163658,0.3833594788735359,2,2,0.9999999500000026,0.0
bonirob_2016-05-23-10-52-28_3_frame121_rot15,val,0.9856033325191552,0.9912608844753609,0.9938818582073237,0.9925695911123769,0.9925695911123769,0.8595261573791504,0.9398588523798755,0.9506517690580183,0.9452244523640694,0.9452244523640694,0.8692718744277954,0.7381685263420898,0.6498983739727321,0.6912267561706537,0.6912267561706537,0.6716455221176147,14,33,13,1,0,0.9285714219387756,0.0,24.827055226741273,0.5344925177961284,2,2,0.9999999500000026,0.0
bonirob_2016-05-23-10-52-28_3_frame109_rot_minus15,val,0.9654273986812724,0.9833189423229245,0.9845674500578524,0.9839427501381872,0.9839427501381872,0.8369540572166443,0.8720499317169486,0.7340338203786894,0.7971117349868603,0.7971117349868603,0.7164931893348694,0.74496644294871,0.7745428296392292,0.7594667425118126,0.7594667425118126,0.6686091423034668,11,57,9,2,7,0.8181818107438018,0.12280701732840874,48.63128370621164,0.5028806546152483,2,5,0.9999999500000026,0.39999999200000014
bonirob_2016-05-23-10-42-16_1_frame190_crop,val,0.9797477722164232,0.9842012952576765,0.9924140294751549,0.9882905506247959,0.9882905506247959,0.8570232391357422,0.9745275485733975,0.9546070813971043,0.9644644144672577,0.9644644144672577,0.8523943424224854,0.7792505735207941,0.6157099697761187,0.6878937400506847,0.6878937400506847,0.6756739616394043,12,34,12,0,4,0.9999999916666668,0.11764705847750864,21.817102380194186,0.4527640136746241,2,4,0.9999999500000026,0.4999999875000003
bonirob_2016-05-23-10-52-28_3_frame259_hflip,val,0.9777565002437676,0.9860349207886362,0.9903337870503666,0.9881796286152127,0.9881796286152127,0.8292202353477478,0.9255150554186204,0.9299363056831244,0.927720362977373,0.927720362977373,0.8447900414466858,0.8286764142935874,0.765288087658075,0.7957217965889581,0.7957217965889581,0.7105262875556946,13,27,11,2,6,0.8461538396449705,0.22222222139917694,13.729309434704392,0.8330169774751848,1,1,0.9999999000000099,0.0
bonirob_2016-05-18-10-59-09_4_frame68_vflip,val,0.9966773986812604,0.9983595164205948,0.9981215688329901,0.9982404784470835,0.9982404784470835,0.8873677849769592,0.9682723799060571,0.9721860656232637,0.9702252260336368,0.9702252260336368,0.8923655152320862,0.0,0.0,0.0,0.0,0.0,0,0,0,0,0,0.0,0.0,nan,nan,2,2,0.9999999500000026,0.0
bonirob_2016-05-23-10-47-22_2_frame119_vflip,val,0.9822158813472815,0.989417088148279,0.9903514064121439,0.9898839768123724,0.9898839768123724,0.8726579546928406,0.9693056971307837,0.9730897513607751,0.9711939883162023,0.9711939883162023,0.8843392133712769,0.7872594360616552,0.7514953004734906,0.768961698649688,0.768961698649688,0.7297797203063965,5,22,4,1,4,0.7999999840000003,0.18181818099173552,26.278261767847376,0.5378542416909081,2,3,0.9999999500000026,0.3333333222222226
bonirob_2016-05-23-10-42-16_1_frame59_vflip,val,0.9881973266597793,0.9932936008232286,0.9940111895111694,0.9936522156114581,0.9936522156114581,0.8590657114982605,0.9733308291766989,0.9662533793141954,0.9697791416083612,0.9697791416083612,0.8810954093933105,0.8473629514049447,0.8367111339040956,0.8420033061289944,0.8420033061289944,0.7788650393486023,5,15,5,0,4,0.9999999800000003,0.2666666648888889,35.428271921470554,0.538176565976227,1,2,0.9999999000000099,0.4999999750000013
bonirob_2016-05-23-10-42-16_1_frame259_contrast,val,0.9874458312984514,0.9924493994515283,0.9934968103602418,0.9929727786976119,0.9929727786976119,0.8715551495552063,0.9671335125768805,0.9736193592656501,0.9703655483216659,0.9703655483216659,0.8873337507247925,0.7608029941898332,0.667064439120911,0.7108567297192036,0.7108567297192036,0.7076097726821899,9,19,7,2,1,0.7777777691358027,0.052631578670360106,20.860842400384485,0.5705636901236834,2,2,0.9999999500000026,0.0
bonirob_2016-05-23-10-42-16_1_frame250_noise,val,0.984764099120718,0.9908170060631458,0.991677263757513,0.991246898265842,0.991246898265842,0.8638454079627991,0.9665189561760494,0.9716539070717672,0.9690795794134783,0.9690795794134783,0.8717595338821411,0.7440979306107812,0.6736147757078202,0.7071042292897117,0.7071042292897117,0.7033594846725464,12,23,11,1,0,0.9166666590277779,0.0,14.756769440319177,0.6470280686638208,2,2,0.9999999500000026,0.0
bonirob_2016-05-23-10-47-22_2_frame7_rot_minus15,val,0.9767646789547055,0.9867620030927273,0.9900747083447287,0.9884155300682511,0.9884155300682511,0.8419892191886902,0.9691179218792323,0.9130645303243549,0.9402565113926993,0.9402565113926993,0.8308982253074646,0.680371533934157,0.7337949322225428,0.7060740871369764,0.7060740871369764,0.7033113837242126,11,23,6,5,5,0.5454545404958678,0.2173913034026465,12.361968092256006,1.067755077060832,2,2,0.9999999500000026,0.0
bonirob_2016-05-23-10-52-28_3_frame158_brightness,val,0.9864044189449362,0.9912345519726202,0.9948127773610319,0.9930203912551564,0.9930203912551564,0.8757199645042419,0.8900735293790415,0.919483478886461,0.9045394605342436,0.9045394605342436,0.8285248875617981,0.7194954757137512,0.5638160721838458,0.632212937107768,0.632212937107768,0.61637943983078,16,27,12,4,3,0.7499999953125,0.11111111069958847,17.03277824413188,0.5050900217463616,2,2,0.9999999500000026,0.0
bonirob_2016-05-23-11-07-45_6_frame260_vflip,val,0.9943885803218863,0.9974589657299475,0.9962317212755575,0.9968449157789474,0.9968449157789474,0.8729522824287415,0.9698642347745136,0.97950209479942,0.9746592895213727,0.9746592895213727,0.8864485025405884,0.0,0.0,0.0,0.0,0.0,0,0,0,0,0,0.0,0.0,nan,nan,2,2,0.9999999500000026,0.0
bonirob_2016-05-23-10-42-16_1_frame210_hue,val,0.9798088073726731,0.9876555692809248,0.9890599961254385,0.9883572337910755,0.9883572337910755,0.8622204661369324,0.9704848367743075,0.9804464912927154,0.9754401814223733,0.9754401814223733,0.8934524059295654,0.8041647701319508,0.753893748658482,0.7782182079445977,0.7782182079445977,0.7136180996894836,13,37,12,1,2,0.9230769159763315,0.054054053907962016,29.623572604594855,0.41670234515591503,2,2,0.9999999500000026,0.0
bonirob_2016-05-23-10-42-16_1_frame9_hue,val,0.9922981262203245,0.9961127655346452,0.9958715578116891,0.9959920970693492,0.9959920970693492,0.8732845187187195,0.956600035999341,0.9628421243254878,0.9597108804258302,0.9597108804258302,0.8959671854972839,0.8314701539584166,0.8358778625776956,0.833668132281548,0.833668132281548,0.8012753129005432,10,11,9,1,0,0.8999999910000002,0.0,3.2234138876023963,0.8005976153141657,1,1,0.9999999000000099,0.0
bonirob_2016-05-23-10-42-16_1_frame293_noise,val,0.9839286804195465,0.9912939859376495,0.9908443928259922,0.9910690883929625,0.9910690883929625,0.8347839713096619,0.9358518389966349,0.9572759538555577,0.9464426204119397,0.9464426204119397,0.8303542733192444,0.7919975564816129,0.7040456149686657,0.7454362014091109,0.7454362014091109,0.6897907853126526,10,15,6,4,3,0.5999999940000001,0.19999999866666668,26.002755928175745,0.615841798973399,2,2,0.9999999500000026,0.0
bonirob_2016-05-10-11-39-31_15_frame256_hflip,val,0.9880065917964981,0.9933660472889898,0.9943450239335347,0.993855244531151,0.993855244531151,0.8627135157585144,0.8444043320994801,0.8793233082376195,0.8615100789022343,0.8615100789022343,0.7972322702407837,0.7030427150174652,0.6357142856974679,0.6676854182935218,0.6676854182935218,0.6768378019332886,15,38,14,1,3,0.9333333271111112,0.0789473682132964,24.630785234930254,0.5978294345746841,2,5,0.9999999500000026,0.0
bonirob_2016-05-23-10-52-28_3_frame23,val,0.9874572753902483,0.992774900067232,0.9939019692904982,0.9933380649779162,0.9933380649779162,0.8636388182640076,0.9431283825663815,0.953021337628178,0.9480490023897868,0.9480490023897868,0.8657687902450562,0.7818503538730573,0.7105444520856755,0.7444938723492059,0.7444938723492059,0.7384464144706726,10,18,8,2,5,0.7999999920000002,0.2777777762345679,8.763705448669006,0.6466844606806298,4,7,0.9999999750000006,0.2857142816326531
bonirob_2016-05-23-10-52-28_3_frame123_crop,val,0.9710693359371295,0.9880100824302873,0.9898307398303424,0.9889195231475122,0.9889195231475122,0.8431466221809387,0.8771929809172053,0.02167316861631239,0.042301179723525414,0.042301179723525414,0.09907720983028412,0.634486607137799,0.7401655351925959,0.6832638898526744,0.6832638898526744,0.6677268743515015,11,54,9,2,5,0.8181818107438018,0.09259259242112483,35.9051892449734,0.5114378099119816,1,1,0.9999999000000099,0.0
bonirob_2016-05-23-10-52-28_3_frame278_contrast,val,0.988899230956654,0.9939970384321278,0.994385992932183,0.9941914276397905,0.9941914276397905,0.8300106525421143,0.8947809683316961,0.9098465472951865,0.9022508218009672,0.9022508218009672,0.84058678150177,0.8676427525495221,0.8457257028564903,0.8565439985612443,0.8565439985612443,0.7627695798873901,11,13,7,4,0,0.6363636305785125,0.0,8.96016415599344,0.7369687915241272,3,7,0.9999999666666678,0.0
bonirob_2016-05-23-10-52-28_3_frame124_rot15,val,0.9796028137203294,0.99019049453143,0.9927124541443325,0.9914498205579377,0.9914498205579377,0.8586514592170715,0.8820994570293708,0.9102632515038218,0.8959600322910194,0.8959600322910194,0.7914828658103943,0.7558533579674083,0.6568063177532217,0.7028575023377176,0.7028575023377176,0.6534867882728577,15,30,13,2,2,0.866666660888889,0.06666666644444444,17.996976260392387,0.6096095091331291,2,4,0.9999999500000026,0.24999999375000015
bonirob_2016-05-23-10-42-16_1_frame190,val,0.9846878051754057,0.9901795203085976,0.9921044841400462,0.9911410175738007,0.9911410175738007,0.880878210067749,0.9745620956257707,0.9827816677244342,0.9786545732447519,0.9786545732447519,0.8909686207771301,0.7340021691774945,0.6162076029907533,0.6699665386575059,0.6699665386575059,0.6770084500312805,12,33,11,1,3,0.9166666590277779,0.09090909063360882,22.643027896276614,0.6038798282151935,3,4,0.6666666444444452,0.4999999875000003
bonirob_2016-05-23-10-47-22_2_frame43_rot_minus15,val,0.985717773437124,0.9920921437162765,0.9922127916529714,0.9921524140168625,0.9921524140168625,0.8540424704551697,0.9508746704932433,0.9613955742128784,0.9561061304685166,0.9561061304685166,0.8879086971282959,0.8882997843198391,0.8752434921119598,0.8817232574607602,0.8817232574607602,0.7273629903793335,7,10,4,3,1,0.5714285632653062,0.09999999900000002,27.01128583224548,0.6545485049681878,2,4,0.9999999500000026,0.24999999375000015
bonirob_2016-05-23-10-52-28_3_frame74_vflip,val,0.988929748534779,0.9935203325469381,0.9956032415313433,0.9945606464810512,0.9945606464810512,0.8741781711578369,0.8527815467535426,0.9366616988869849,0.8927556318646419,0.8927556318646419,0.8102297782897949,0.7921972912716354,0.6980762379640528,0.7421645179346544,0.7421645179346544,0.7382580041885376,11,20,7,4,1,0.6363636305785125,0.049999999749999996,23.309967080966658,0.579015503860733,1,3,0.9999999000000099,0.3333333222222226
bonirob_2016-05-23-10-42-16_1_frame300,val,0.987571716308217,0.9926390028698338,0.9937816184470337,0.9932099320346096,0.9932099320346096,0.880192220211029,0.9690460453791085,0.9757639620599203,0.9723933509403155,0.9723933509403155,0.9000789523124695,0.7641533383913645,0.6935483870807938,0.7271409091527645,0.7271409091527645,0.7213893532752991,10,25,9,1,1,0.8999999910000002,0.03999999984,15.161109092921858,0.5844274848947802,2,2,0.9999999500000026,0.0
bonirob_2016-05-23-10-42-16_1_frame251_hflip,val,0.9819793701168129,0.9890928331950533,0.9898939105355249,0.9894931597305843,0.9894931597305843,0.8402056097984314,0.9659872413226513,0.9734085920320683,0.969683667295636,0.969683667295636,0.8418558835983276,0.7695167286094793,0.7101841820023441,0.7386608571939515,0.7386608571939515,0.7156243920326233,10,20,7,3,3,0.6999999930000002,0.14999999925,23.387124460083726,0.6134589502040912,2,1,0.4999999750000013,0.0
bonirob_2016-05-23-10-52-28_3_frame150,val,0.9947395324703237,0.9972895595236988,0.9973168642509329,0.9973031617004272,0.9973031617004272,0.8484585285186768,0.9226574119522728,0.9318978467234903,0.9272545588240017,0.9272545588240017,0.846354603767395,0.8808721060714572,0.8755585343861583,0.8782072328939461,0.8782072328939461,0.7506526112556458,12,11,9,3,0,0.74999999375,0.0,8.310989622015846,0.7667763972651276,1,2,0.9999999000000099,0.0
bonirob_2016-05-18-10-59-09_4_frame290_rot_minus15,val,0.9969100952144635,0.9986511918446846,0.9981269759207054,0.9983889650712678,0.9983889650712678,0.8781635165214539,0.9564332624090608,0.9682554546215164,0.962308000248866,0.962308000248866,0.8865564465522766,0.0,0.0,0.0,0.0,0.0,0,0,0,0,0,0.0,0.0,nan,nan,2,2,0.9999999500000026,0.0
bonirob_2016-05-23-10-57-33_4_frame294_noise,val,0.9952697753902453,0.9978777804025898,0.9968935721808232,0.9973853834905042,0.9973853834905042,0.875163733959198,0.9712886269473905,0.9797943279465743,0.9755228872445815,0.9755228872445815,0.883561909198761,0.0,0.0,0.0,0.0,0.0,0,0,0,0,0,0.0,0.0,nan,nan,2,4,0.9999999500000026,0.24999999375000015
bonirob_2016-05-23-10-52-28_3_frame100_contrast,val,0.975482940673456,0.985922647442937,0.9856918898624453,0.9858072051487715,0.9858072051487715,0.8465821743011475,0.9365921143431729,0.9630156472033424,0.9496200551891132,0.9496200551891132,0.8700420260429382,0.9056183351873129,0.9037197039455426,0.9046679734008951,0.9046679734008951,0.8028117418289185,15,39,14,1,1,0.9333333271111112,0.02564102557527942,10.934281312538904,0.6978545415851085,1,1,0.9999999000000099,0.0
bonirob_2016-05-23-10-52-28_3_frame157_rot_minus15,val,0.9807052612300946,0.9929939390148584,0.9950106634835372,0.9940012283196323,0.9940012283196323,0.8648946285247803,0.8554545453767768,0.29133126934082565,0.4346419944116008,0.4346419944116008,0.5044125318527222,0.37650602408882516,0.5565449688169621,0.4491555393463789,0.4491555393463789,0.5356290340423584,13,24,9,4,2,0.6923076869822486,0.0833333329861111,26.056682021538485,0.5123784920500645,2,2,0.4999999750000013,0.4999999750000013
bonirob_2016-05-23-10-57-33_4_frame45_vflip,val,0.9646415710445538,0.9849178867984213,0.98565557256783,0.9852865416065028,0.9852865416065028,0.7906733155250549,0.4563441640868335,0.7676335877628204,0.5724043248057573,0.5724043248057573,0.6284615397453308,0.9321237149614882,0.885591451705306,0.9082619363321948,0.9082619363321948,0.7519237399101257,8,14,7,1,3,0.8749999890625002,0.21428571275510205,4.3766834731836886,0.9019488759673627,2,7,0.9999999500000026,0.2857142816326531
bonirob_2016-05-23-10-42-16_1_frame134_noise,val,0.9884719848629042,0.9928912213736152,0.9939948937052792,0.9934427010063915,0.9934427010063915,0.874021053314209,0.9745511653604078,0.9780070205567089,0.9762759846797827,0.9762759846797827,0.9061092734336853,0.8121670871653444,0.7386537480688767,0.7736679965598465,0.7736679965598465,0.7627986669540405,8,12,5,3,1,0.6249999921875001,0.0833333326388889,12.927191078368935,0.6262532566429065,2,4,0.9999999500000026,0.4999999875000003
bonirob_2016-05-23-10-42-16_1_frame17_hflip,val,0.9870567321773578,0.9931553446383561,0.9927723433277936,0.9929637570507164,0.9929637570507164,0.8326157927513123,0.9468701001028411,0.9603058103916801,0.9535405791719633,0.9535405791719633,0.8371597528457642,0.8083592707690449,0.7841276687344376,0.7960590632946435,0.7960590632946435,0.7562931776046753,8,16,7,1,2,0.8749999890625002,0.12499999921874999,24.02246662910242,0.6393403350050031,2,2,0.9999999500000026,0.0
bonirob_2016-05-23-10-42-16_1_frame89_hue,val,0.988788604735951,0.9930377474608536,0.9943934913137658,0.9937151069709864,0.9937151069709864,0.8823092579841614,0.9754554857149517,0.9772047981469844,0.976329308360512,0.976329308360512,0.8971757292747498,0.7712871286874163,0.6885680612643321,0.727584009913724,0.727584009913724,0.6806291341781616,9,10,6,3,1,0.6666666592592594,0.09999999900000002,13.578531803153865,0.6539242555787738,3,6,0.9999999666666678,0.16666666388888893
bonirob_2016-05-23-10-47-22_2_frame36_vflip,val,0.9894981384273569,0.9932110974497439,0.9954583295550665,0.9943333937961879,0.9943333937961879,0.8690716624259949,0.9819404418765165,0.9789312392199518,0.9804334815495771,0.9804334815495771,0.8999648094177246,0.7543439184914816,0.6558999739344648,0.7016858914251549,0.7016858914251549,0.6952748894691467,9,18,7,2,0,0.7777777691358027,0.0,19.82120992718321,0.5566475571814238,1,1,0.9999999000000099,0.0
_2016-05-27-10-26-48_5_frame83_hflip,val,0.9954261779781359,0.997944065528425,0.9971671388097918,0.9975554008955643,0.9975554008955643,0.8395326137542725,0.959908159655246,0.9700160628177166,0.9649355913627297,0.9649355913627297,0.8533222675323486,0.0,0.0,0.0,0.0,0.0,0,0,0,0,0,0.0,0.0,nan,nan,3,3,0.9999999666666678,0.0
bonirob_2016-05-23-10-42-16_1_frame99_noise,val,0.9636535644527574,0.9754680932360333,0.9760200648432047,0.9757439509780053,0.9757439509780053,0.8465256690979004,0.9441401439020157,0.951199999998447,0.9476568735014891,0.9476568735014891,0.7934671640396118,0.6957462148354784,0.612050739944777,0.6512202853605346,0.6512202853605346,0.6644042134284973,9,28,8,1,0,0.8888888790123458,0.0,25.572211899493702,0.45686086216528626,1,16,0.9999999000000099,0.812499994921875
bonirob_2016-05-23-10-57-33_4_frame47_hflip,val,0.986984252929311,0.992846450170259,0.9935286198779252,0.9931873678872322,0.9931873678872322,0.8333384990692139,0.9189645469375934,0.9087367834775327,0.913821998075781,0.913821998075781,0.840462863445282,0.8503346177159771,0.837427601349736,0.8438317068871709,0.8438317068871709,0.7409787774085999,12,19,10,2,4,0.833333326388889,0.21052631468144042,8.325188199169926,0.8119182739717943,1,3,0.9999999000000099,0.0
bonirob_2016-05-23-10-47-22_2_frame230_rot_minus15,val,0.994998931884386,0.9979489152992095,0.9976385074708302,0.9977936372435053,0.9977936372435053,0.8827683329582214,0.9690107270505193,0.9587802549505319,0.9638682952790946,0.9638682952790946,0.885675311088562,0.0,0.0,0.0,0.0,0.0,0,2,0,0,2,0.0,0.9999999500000026,nan,nan,4,4,0.7499999812500004,0.0
bonirob_2016-05-23-10-52-28_3_frame99_brightness,val,0.9777603149410332,0.9858340632179146,0.9901498787832147,0.9879872078390238,0.9879872078390238,0.8491960167884827,0.9449607600067641,0.9647865049977354,0.9547706735595174,0.9547706735595174,0.8615484833717346,0.8002372990961035,0.7045584045517136,0.7493560433211819,0.7493560433211819,0.6650288105010986,12,39,11,1,0,0.9166666590277779,0.0,44.520878169355555,0.38037743607529967,1,2,0.9999999000000099,0.4999999750000013
bonirob_2016-05-23-10-47-22_2_frame112_vflip,val,0.9697189331050988,0.9961992856484543,0.9945390846105276,0.99536844285687,0.99536844285687,0.8359372615814209,0.5183941263725814,0.9681983953177505,0.6752466734637563,0.6752466734637563,0.6375406980514526,0.9058423764013389,0.5633265166969098,0.694658045428124,0.694658045428124,0.7213678359985352,3,4,3,0,1,0.9999999666666678,0.24999999375000015,19.94484778745461,0.5818302670732155,2,5,0.9999999500000026,0.5999999880000002
bonirob_2016-05-23-10-42-16_1_frame223_rot_minus15,val,0.985687255858999,0.9919133997896954,0.9933234003136981,0.9926178493302293,0.9926178493302293,0.8481369018554688,0.9221951219399731,0.9630667345776481,0.9421878393713449,0.9421878393713449,0.835273802280426,0.7903440410418107,0.697416974158044,0.7409782982171524,0.7409782982171524,0.7313153743743896,12,27,9,3,2,0.74999999375,0.07407407379972565,28.09516384774173,0.5547404968871033,2,2,0.9999999500000026,0.0
bonirob_2016-05-23-10-52-28_3_frame144_crop,val,0.9770507812496273,0.9846235929360053,0.9926394758655723,0.9886152360884387,0.9886152360884387,0.8031366467475891,0.8967971529717201,0.7088607594604379,0.7918302727173687,0.7918302727173687,0.7486985325813293,0.8203041144828237,0.7195198493588614,0.766613675861892,0.766613675861892,0.6752991676330566,14,23,9,5,4,0.6428571382653062,0.1739130427221172,12.780310304816073,0.5608767455643516,1,3,0.9999999000000099,0.3333333222222226
bonirob_2016-05-23-10-42-16_1_frame40,val,0.9893074035640758,0.9949735308268193,0.9935064401651962,0.99423939428993,0.99423939428993,0.8741781711578369,0.9585351290323191,0.9727982763198707,0.9656139850839952,0.9656139850839952,0.9000125527381897,0.7584638706225755,0.7858638743249774,0.7719207522586864,0.7719207522586864,0.7867639660835266,10,21,8,2,0,0.7999999920000002,0.0,22.46034974905896,0.6506294321555599,2,3,0.9999999500000026,0.0
bonirob_2016-05-23-10-47-22_2_frame248_brightness,val,0.991615295409778,0.9949695763570109,0.9960441322654825,0.9955065143407841,0.9955065143407841,0.7731338739395142,0.9445304881492311,0.9304401875971609,0.9374323439627613,0.9374323439627613,0.7813121676445007,0.0,0.0,0.0,0.0,0.0,0,0,0,0,0,0.0,0.0,nan,nan,3,5,0.9999999666666678,0.19999999600000007
_2016-05-27-10-26-48_5_frame225_rot_minus15,val,0.9974327087398539,0.9987488957902148,0.9985613005838727,0.998655039377208,0.998655039377208,0.8895177841186523,0.9699122440370254,0.9737372042207271,0.9718209105079061,0.9718209105079061,0.8995837569236755,0.0,0.0,0.0,0.0,0.0,0,0,0,0,0,0.0,0.0,nan,nan,2,2,0.9999999500000026,0.0
bonirob_2016-05-23-10-52-28_3_frame121_hflip,val,0.9838066101070466,0.9899820656850237,0.9932268279435978,0.9916017424087138,0.9916017424087138,0.8589937686920166,0.9234663489897718,0.9462923405265092,0.9347399650508684,0.9347399650508684,0.8447867035865784,0.7425531914761959,0.6395846059767931,0.6872332945392906,0.6872332945392906,0.6695888042449951,15,43,13,2,1,0.866666660888889,0.023255813899405082,27.327341758843968,0.3678096238356222,2,2,0.9999999500000026,0.0
bonirob_2016-05-23-10-52-28_3_frame135_contrast,val,0.9913253784175906,0.9942890779098437,0.99683823816743,0.9955619762450216,0.9955619762450216,0.8449623584747314,0.9326315789080998,0.9190871368913243,0.925809772325528,0.925809772325528,0.870853841304779,0.7998766573913082,0.6713250517424606,0.7299844726631678,0.7299844726631678,0.6704354286193848,10,15,7,3,0,0.6999999930000002,0.0,16.00148942604982,0.6713315805814609,1,3,0.9999999000000099,0.0
bonirob_2016-05-18-10-59-09_4_frame128_hue,val,0.9909324645992313,0.996298860907226,0.9940888888884872,0.9951925980072498,0.9951925980072498,0.8225984573364258,0.9161125319458795,0.9551999999745281,0.9352479917728554,0.9352479917728554,0.8595095276832581,0.899406186289999,0.9315219386732924,0.9151823461833516,0.9151823461833516,0.762456476688385,5,7,4,1,2,0.7999999840000003,0.2857142816326531,4.987684885964337,0.6365372144291741,1,1,0.9999999000000099,0.0
bonirob_2016-05-23-10-52-28_3_frame95_rot_minus15,val,0.9624290466304922,0.9733998580024249,0.9786682703350696,0.9760269047429357,0.9760269047429357,0.7867160439491272,0.8524035205922543,0.8664831382748462,0.8593856154737066,0.8593856154737066,0.8088535070419312,0.9243853241001574,0.905769230767618,0.9149825472028935,0.9149825472028935,0.7627328038215637,16,31,14,2,8,0.87499999453125,0.25806451529656604,25.26328719005567,0.8139174245237789,1,3,0.9999999000000099,0.0
_2016-05-27-10-26-48_5_frame225_crop,val,0.997238159179307,0.9983348323889287,0.9987313759500499,0.9985330148000439,0.9985330148000439,0.8966173529624939,0.9795718574534683,0.9733463034956332,0.9764491074985494,0.9764491074985494,0.9086993932723999,0.0,0.0,0.0,0.0,0.0,0,0,0,0,0,0.0,0.0,nan,nan,2,2,0.9999999500000026,0.0
bonirob_2016-05-23-10-42-16_1_frame204_hflip,val,0.9848060607906399,0.9905491275460053,0.9925179072267344,0.9915324900887904,0.9915324900887904,0.8573139309883118,0.9619584360648029,0.9723619208644249,0.9671321515863313,0.9671321515863313,0.868495523929596,0.7767232767038781,0.6597369537407778,0.7134663416894336,0.7134663416894336,0.6868587136268616,9,29,8,1,0,0.8888888790123458,0.0,32.72291045583088,0.47020322068460296,3,3,0.9999999666666678,0.0
bonirob_2016-05-23-10-42-16_1_frame90_contrast,val,0.9845771789547025,0.9907738249697621,0.9930693386256351,0.991920203723291,0.991920203723291,0.8449975848197937,0.9270326615383241,0.9549033643180064,0.9407615860849899,0.9407615860849899,0.8840955495834351,0.8267106910984092,0.7686851577305877,0.7966426622193435,0.7966426622193435,0.7545530200004578,10,19,8,2,5,0.7999999920000002,0.26315789335180056,14.262696534757922,0.5832872347136224,1,1,0.9999999000000099,0.0
bonirob_2016-05-18-10-59-09_4_frame86,val,0.9968299865718854,0.9985203265647253,0.9981660154688629,0.9983430895806257,0.9983430895806257,0.8832508325576782,0.9596950845442942,0.9672377251769053,0.9634515926892195,0.9634515926892195,0.8895488977432251,0.0,0.0,0.0,0.0,0.0,0,0,0,0,0,0.0,0.0,nan,nan,2,2,0.9999999500000026,0.0
bonirob_2016-05-23-10-42-16_1_frame80_contrast,val,0.9834442138668124,0.9900772110227681,0.9910670816520939,0.9905718490450436,0.9905718490450436,0.8593520522117615,0.9601291539654617,0.9709788670348878,0.965523481555884,0.965523481555884,0.8735217452049255,0.7777777777596984,0.6913223140353033,0.7320060757314236,0.7320060757314236,0.7075524926185608,7,21,5,2,3,0.7142857040816327,0.14285714217687073,29.62609447919069,0.2740686537473679,3,4,0.9999999666666678,0.0
bonirob_2016-05-23-10-52-28_3_frame300_noise,val,0.9956474304195421,0.9974993388605862,0.9980621587858537,0.9977806194555224,0.9977806194555224,0.8484809994697571,0.0,0.0,0.0,0.0,0.0,0.9006384676596042,0.8753151056646246,0.8877961934778097,0.8877961934778097,0.7812665104866028,9,10,8,1,0,0.8888888790123458,0.0,3.7031001011556977,0.844819476215313,0,0,0.0,0.0
bonirob_2016-05-18-10-59-09_4_frame142_brightness,val,0.9935455322261835,0.9967688418387594,0.9965484013644491,0.9966585594123779,0.9966585594123779,0.872191846370697,0.962594868070788,0.9634653644246073,0.9630298695342616,0.9630298695342616,0.892501175403595,0.806666666643285,0.8187702265131283,0.8126733329546612,0.8126733329546612,0.7937296032905579,6,13,6,0,1,0.9999999833333336,0.07692307633136096,13.673418338964673,0.652047485160885,3,3,0.9999999666666678,0.0
bonirob_2016-05-23-10-52-28_3_frame119_rot15,val,0.979221343993767,0.9869969290443724,0.9909570734830112,0.9889729868784857,0.9889729868784857,0.8393170237541199,0.9652121455667563,0.9316770186154566,0.9481480981450493,0.9481480981450493,0.8763377666473389,0.7878443916955128,0.727073612030025,0.7562400451601361,0.7562400451601361,0.6984575986862183,13,50,11,2,2,0.8461538396449705,0.03999999992,35.09959735760669,0.3610562321894007,1,1,0.9999999000000099,0.0
bonirob_2016-05-23-10-42-16_1_frame98_rot_minus15,val,0.9766540527340024,0.9847049423577287,0.9894574098622355,0.9870754057227501,0.9870754057227501,0.8507585525512695,0.9738002302631945,0.9589624467646729,0.9663243338214706,0.9663243338214706,0.8489213585853577,0.7553276504960665,0.7080784117778989,0.730940209113402,0.730940209113402,0.6934180855751038,5,24,4,1,10,0.7999999840000003,0.41666666493055554,36.38252032493993,0.6009796396914603,1,3,0.9999999000000099,0.6666666444444452
_2016-05-27-10-26-48_5_frame188,val,0.997512817382432,0.9987677808813382,0.9986154698168412,0.9986915695418294,0.9986915695418294,0.8997800946235657,0.9751117275313984,0.976315383420951,0.9757131342638943,0.9757131342638943,0.9043477773666382,0.0,0.0,0.0,0.0,0.0,0,0,0,0,0,0.0,0.0,nan,nan,2,2,0.9999999500000026,0.0
bonirob_2016-05-18-10-59-09_4_frame122_vflip,val,0.9879226684566543,0.9930635235210369,0.9942282202671028,0.9936454805958089,0.9936454805958089,0.8364835977554321,0.9523755139224259,0.9669526901557635,0.959608695676539,0.959608695676539,0.8776631951332092,0.7527872030840334,0.6826373626223596,0.7159981059350949,0.7159981059350949,0.7341429591178894,5,13,4,1,4,0.7999999840000003,0.30769230532544384,27.351654386237758,0.9100542212513066,2,2,0.9999999500000026,0.0
bonirob_2016-05-23-10-47-22_2_frame20_crop,val,0.9902458190914192,0.9940926255845598,0.9950044153967267,0.9945482615112439,0.9945482615112439,0.864970862865448,0.9783659858233499,0.9735368534531771,0.9759453958475156,0.9759453958475156,0.905914306640625,0.8154020384820102,0.793825799316598,0.8044692237295372,0.8044692237295372,0.7702794075012207,8,12,7,1,1,0.8749999890625002,0.0833333326388889,14.309521319103068,0.5127241276976202,2,2,0.9999999500000026,0.0
bonirob_2016-05-23-10-42-16_1_frame182_vflip,val,0.9807968139644696,0.9890071427641207,0.9902180496664401,0.9896121757937014,0.9896121757937014,0.8628937602043152,0.9647463091762907,0.9663451323632076,0.965545008906881,0.965545008906881,0.86269611120224,0.7679395719573655,0.7348413866853856,0.7510259418060492,0.7510259418060492,0.6972222328186035,10,31,6,4,1,0.5999999940000001,0.032258064412070755,46.06079863259347,0.19664691394793424,4,6,0.9999999750000006,0.33333332777777785
bonirob_2016-05-18-10-59-09_4_frame84_crop,val,0.9963684082027449,0.9977460495381225,0.998414318741704,0.9980800222792374,0.9980800222792374,0.881401777267456,0.9721966749135323,0.9609118243412285,0.966521261009116,0.966521261009116,0.8800101280212402,0.0,0.0,0.0,0.0,0.0,0,0,0,0,0,0.0,0.0,nan,nan,2,2,0.9999999500000026,0.0
bonirob_2016-05-23-10-47-22_2_frame44_hflip,val,0.990550994872669,0.995265147765793,0.9949303466831586,0.9950976690634862,0.9950976690634862,0.8277809023857117,0.9155454357086412,0.9408636460127449,0.9280318425622186,0.9280318425622186,0.8356493711471558,0.8149639677656854,0.8072643291873344,0.8110958259464707,0.8110958259464707,0.7310653924942017,6,13,5,1,3,0.8333333194444447,0.23076922899408286,18.25889160226706,0.5894889897652937,3,5,0.9999999666666678,0.0
bonirob_2016-05-23-10-42-16_1_frame223_brightness,val,0.982921600341422,0.9899592537684229,0.9918916615596612,0.9909244655650062,0.9909244655650062,0.8461699485778809,0.9425872996030498,0.9653811887365995,0.9538480385263308,0.9538480385263308,0.8583685159683228,0.7867555185230216,0.7197104394117385,0.7517410126346648,0.7517410126346648,0.7453858256340027,14,34,14,0,1,0.9999999928571429,0.02941176461937716,22.99062027063473,0.6612730787967831,2,2,0.9999999500000026,0.0
bonirob_2016-05-23-10-57-33_4_frame52_rot_minus15,val,0.9938392639156365,0.9962218296962592,0.9972771579324939,0.9967491644769835,0.9967491644769835,0.8994131088256836,0.970863584247508,0.9608584664747957,0.9658350652214357,0.9658350652214357,0.8991381525993347,0.8819599108850793,0.8407643311846902,0.8608695152192508,0.8608695152192508,0.7636460065841675,9,9,7,2,0,0.7777777691358027,0.0,5.480034831260469,0.6887343408697134,2,4,0.9999999500000026,0.0
bonirob_2016-05-23-10-47-22_2_frame216,val,0.9931945800777461,0.9968223180566631,0.9958195737940064,0.9963206436231021,0.9963206436231021,0.835197925567627,0.9590922093929714,0.9801208341358397,0.9694924556594605,0.9694924556594605,0.8948997855186462,0.9373795760978657,0.9392899281246455,0.938333729791768,0.938333729791768,0.8153961300849915,4,4,3,1,0,0.7499999812500004,0.0,5.927051324714891,0.7535296175322538,1,1,0.9999999000000099,0.0
bonirob_2016-05-23-11-12-51_7_frame0_crop,val,0.9973335266109477,0.9986895947386832,0.9985009544856833,0.9985952157033855,0.9985952157033855,0.8909202218055725,0.972093371233188,0.9755236879572375,0.973805458705619,0.973805458705619,0.8986982107162476,0.0,0.0,0.0,0.0,0.0,0,0,0,0,0,0.0,0.0,nan,nan,2,2,0.9999999500000026,0.0
_2016-05-27-10-26-48_5_frame282_vflip,val,0.9973640441890727,0.9985938831923239,0.9986535527480676,0.9986236670788575,0.9986236670788575,0.9018455147743225,0.9719963866217525,0.9682353999732903,0.9701121981093721,0.9701121981093721,0.896558403968811,0.0,0.0,0.0,0.0,0.0,0,0,0,0,0,0.0,0.0,nan,nan,3,4,0.9999999666666678,0.0
bonirob_2016-05-23-10-42-16_1_frame275_contrast,val,0.9817733764644693,0.9897386990426501,0.9883701231205668,0.9890538876496292,0.9890538876496292,0.8532376885414124,0.9727234324996297,0.9837956605298184,0.9782281668364926,0.9782281668364926,0.8888265490531921,0.8499220254944507,0.8444221655045167,0.847163119196825,0.847163119196825,0.7354907393455505,9,21,8,1,5,0.8888888790123458,0.23809523696145124,20.10572843081935,0.6415003962782493,2,2,0.9999999500000026,0.0
bonirob_2016-05-23-10-52-28_3_frame114_rot15,val,0.9770507812496273,0.9854048655901143,0.9902359173462629,0.9878144347618478,0.9878144347618478,0.8444129228591919,0.9527301443935837,0.9575915636584919,0.9551546183150336,0.9551546183150336,0.8389338254928589,0.7731233243881465,0.6792619491541931,0.7231596597253296,0.7231596597253296,0.6756637096405029,21,44,15,6,1,0.7142857108843537,0.022727272675619834,19.555975546331755,0.3920137603793918,2,2,0.9999999500000026,0.0
bonirob_2016-05-23-11-07-45_6_frame74_rot15,val,0.9963951110836042,0.9982349944438434,0.9979747830407136,0.9981048217826478,0.9981048217826478,0.8686975240707397,0.9613827468003628,0.9655927431891961,0.9634830960601392,0.9634830960601392,0.8849980235099792,0.0,0.0,0.0,0.0,0.0,0,0,0,0,0,0.0,0.0,nan,nan,2,3,0.9999999500000026,0.3333333222222226
bonirob_2016-05-23-11-12-51_7_frame124_rot15,val,0.9927787780757932,0.9964734423697036,0.9968217742611943,0.9966475278796436,0.9966475278796436,0.8467613458633423,0.9219349626245007,0.9703443877447879,0.9455204057453566,0.9455204057453566,0.8504044413566589,0.9260843005215003,0.786511024622918,0.8506101340647241,0.8506101340647241,0.7029837965965271,7,6,3,4,0,0.42857142244897967,0.0,20.989425689045394,0.3829484863121371,1,3,0.9999999000000099,0.6666666444444452
bonirob_2016-05-23-11-12-51_7_frame2_crop,val,0.9964637756343855,0.9976171630560826,0.9985399401039469,0.9980782882908337,0.9980782882908337,0.8915088772773743,0.9831053515671557,0.9726944629073383,0.9778721482160239,0.9778721482160239,0.9013364911079407,0.0,0.0,0.0,0.0,0.0,0,0,0,0,0,0.0,0.0,nan,nan,2,2,0.9999999500000026,0.0
bonirob_2016-05-23-10-57-33_4_frame35_rot15,val,0.9937515258785271,0.9952583066368306,0.9984221456494926,0.9968376657416641,0.9968376657416641,0.8481957912445068,0.8970133881671459,0.94468546627498,0.9202323852241819,0.9202323852241819,0.8931623101234436,0.826185101533511,0.5539160045193373,0.6631936099001149,0.6631936099001149,0.6092959642410278,10,15,7,3,0,0.6999999930000002,0.0,7.358904210116376,0.6759014059486795,1,1,0.9999999000000099,0.0
bonirob_2016-05-23-10-42-16_1_frame256_brightness,val,0.9882087707515762,0.993096425161348,0.9937837562412982,0.9934399218154476,0.9934399218154476,0.8428520560264587,0.9653849397041682,0.9697187870533215,0.9675469603490066,0.9675469603490066,0.8436244130134583,0.7662668120404847,0.6980132450099996,0.7305492482985352,0.7305492482985352,0.6981569528579712,9,16,8,1,1,0.8888888790123458,0.062499999609374995,11.074767053783841,0.6955442802706906,2,3,0.9999999500000026,0.0
bonirob_2016-05-23-10-52-28_3_frame48_hue,val,0.9914665222164186,0.9956300344862092,0.9950890524023845,0.9953594199377956,0.9953594199377956,0.8691924214363098,0.9654695336313744,0.9788999941494014,0.972138329379146,0.972138329379146,0.9043112397193909,0.8474178403534842,0.8244100481901951,0.8357555769976205,0.8357555769976205,0.8067761063575745,8,10,7,1,0,0.8749999890625002,0.0,11.767184659329056,0.6902668325723068,3,3,0.9999999666666678,0.0
bonirob_2016-05-23-10-42-16_1_frame62_noise,val,0.9901733398433723,0.9941522316344535,0.9956629099654158,0.9949069473424191,0.9949069473424191,0.8510249853134155,0.9533333333166082,0.9383526161122716,0.9457836067615444,0.9457836067615444,0.8710330128669739,0.7526817639823397,0.6922444505154222,0.7211990935358391,0.7211990935358391,0.7044274210929871,11,16,8,3,0,0.7272727206611571,0.0,11.27568056782397,0.5034243407858972,2,3,0.9999999500000026,0.0
bonirob_2016-05-23-10-42-16_1_frame64_hflip,val,0.9860000610347801,0.9918216057866556,0.9935401703187221,0.9926800942426871,0.9926800942426871,0.831070601940155,0.9064748201112779,0.9156976743853308,0.9110628566928577,0.9110628566928577,0.7993314266204834,0.8394609291779233,0.7959869969645108,0.8171460950201769,0.8171460950201769,0.697953999042511,11,16,8,3,2,0.7272727206611571,0.12499999921874999,13.315984745828976,0.8534360589038736,2,4,0.9999999500000026,0.0
bonirob_2016-05-23-10-42-16_1_frame69_rot15,val,0.9738998413082223,0.9915142010798956,0.9916005924888944,0.9915573449026418,0.9915573449026418,0.8614109754562378,0.9680798384909607,0.8680579274510961,0.9153445324504562,0.9153445324504562,0.8036413192749023,0.3593429158054124,0.6840048105627179,0.4711607708200879,0.4711607708200879,0.6079947352409363,6,17,6,0,3,0.9999999833333336,0.17647058719723183,21.462126183702413,0.5988076377982968,3,5,0.9999999666666678,0.39999999200000014
bonirob_2016-05-18-10-59-09_4_frame156_hflip,val,0.9883842468257948,0.993413355982871,0.9943814592160534,0.9938971218548556,0.9938971218548556,0.8439655900001526,0.95056153755991,0.9488038830353772,0.9496818470393781,0.9496818470393781,0.8628417253494263,0.7509588340385845,0.7097631705966708,0.7297800469280864,0.7297800469280864,0.7219167351722717,5,20,5,0,3,0.9999999800000003,0.14999999925,20.705033191783972,0.5706504711690628,2,2,0.9999999500000026,0.0
bonirob_2016-05-23-10-42-16_1_frame181_rot_minus15,val,0.9908599853511845,0.9952107443671697,0.9949935600918297,0.9951020903792095,0.9951020903792095,0.8750360608100891,0.9716082243530008,0.9745028244178034,0.9730533217052917,0.9730533217052917,0.8863837122917175,0.7897396035448994,0.7818391688810374,0.7857694781998064,0.7857694781998064,0.7158925533294678,7,14,7,0,0,0.9999999857142858,0.0,7.420285889511797,0.6442204931635593,2,3,0.9999999500000026,0.3333333222222226
bonirob_2016-05-23-10-47-22_2_frame124_crop,val,0.9883842468257948,0.9924022801644365,0.9946609830593653,0.9935302978735834,0.9935302978735834,0.8595653176307678,0.985233207270911,0.9636707913119746,0.9743326674390637,0.9743326674390637,0.912429690361023,0.7861591695320379,0.7793276926416801,0.7827284754767768,0.7827284754767768,0.7925902605056763,6,14,4,2,3,0.6666666555555557,0.21428571275510205,26.159111213061582,0.8361559239137014,3,3,0.9999999666666678,0.0
_2016-05-27-10-26-48_5_frame44_vflip,val,0.9955062866207139,0.9981125030257405,0.9970569790172453,0.9975844118144188,0.9975844118144188,0.8658992648124695,0.9610523460756113,0.9746932937174743,0.9678247069075011,0.9678247069075011,0.8944808840751648,0.0,0.0,0.0,0.0,0.0,0,0,0,0,0,0.0,0.0,nan,nan,2,2,0.9999999500000026,0.0
bonirob_2016-05-23-10-52-28_3_frame99_contrast,val,0.9777641296382988,0.9864221724520015,0.989546894423638,0.9879820127799892,0.9879820127799892,0.850628137588501,0.9485530546525406,0.9641539272433931,0.9562898171898154,0.9562898171898154,0.8645884394645691,0.7881752888436746,0.7190883190814901,0.7520484180918204,0.7520484180918204,0.6741856932640076,12,46,11,1,1,0.9166666590277779,0.02173913038752363,42.53567107197594,0.39595729575089195,1,1,0.9999999000000099,0.0
bonirob_2016-05-23-11-07-45_6_frame268_vflip,val,0.99633789062462,0.9985147953893913,0.9976023935628522,0.9980583359520314,0.9980583359520314,0.8822819590568542,0.9605718085042515,0.9752261374309759,0.9678434550543327,0.9678434550543327,0.8905503749847412,0.0,0.0,0.0,0.0,0.0,0,0,0,0,0,0.0,0.0,nan,nan,4,5,0.9999999750000006,0.0
