{
  "best_val_miou": 0.6874532898267111,
  "final_val_metrics": {
    "pixel_accuracy": 0.9608351495726496,
    "iou_Background": 0.9644520282745361,
    "precision_Background": 0.984031617641449,
    "recall_Background": 0.9797863364219666,
    "f1_Background": 0.9819038884183849,
    "iou_Crop": 0.5092797875404358,
    "precision_Crop": 0.6976556181907654,
    "recall_Crop": 0.6535155773162842,
    "f1_Crop": 0.674864115182288,
    "iou_Weed": 0.5746265053749084,
    "precision_Weed": 0.6898772120475769,
    "recall_Weed": 0.7747568488121033,
    "f1_Weed": 0.7298570260356024,
    "miou": 0.6827861070632935,
    "mean_precision": 0.790521482626597,
    "mean_recall": 0.8026862541834513,
    "mean_f1": 0.7955416765454251,
    "loss": 0.18782574789864676
  },
  "model_info": {
    "total_parameters": 1119843,
    "total_parameters_million": 1.119843,
    "architecture": "LightMANet",
    "total_non_trainable_parameters": 0,
    "total_non_trainable_parameters_million": 0.0,
    "flops": null,
    "flops_gflops": null
  },
  "config": {
    "model": "lightmanet",
    "base_ch": 32,
    "data_root": "/home/vjti/Downloads/weedsgalore-dataset",
    "use_rgbnir": true,
    "height": 600,
    "width": 600,
    "augment": true,
    "nir_drop_prob": 0.3,
    "batch_size": 4,
    "epochs": 100,
    "lr": 0.001,
    "num_workers": 4,
    "mixed_precision": false,
    "dice_weight": 0.5,
    "exp_name": "weedsgalore_lightmanet_4ch_RGBNIR_aug_20251120_023111",
    "output_dir": "./experiments_weedsgalore",
    "resume": null,
    "num_classes": 3,
    "class_names": [
      "Background",
      "Crop",
      "Weed"
    ],
    "dataset": "weedsgalore"
  }
}